-- MySQL dump 10.13  Distrib 8.0.20, for macos10.15 (x86_64)
--
-- Host: 127.0.0.1    Database: ebook
-- ------------------------------------------------------
-- Server version	8.0.23

/*!40101 SET @OLD_CHARACTER_SET_CLIENT=@@CHARACTER_SET_CLIENT */;
/*!40101 SET @OLD_CHARACTER_SET_RESULTS=@@CHARACTER_SET_RESULTS */;
/*!40101 SET @OLD_COLLATION_CONNECTION=@@COLLATION_CONNECTION */;
/*!50503 SET NAMES utf8 */;
/*!40103 SET @OLD_TIME_ZONE=@@TIME_ZONE */;
/*!40103 SET TIME_ZONE='+00:00' */;
/*!40014 SET @OLD_UNIQUE_CHECKS=@@UNIQUE_CHECKS, UNIQUE_CHECKS=0 */;
/*!40014 SET @OLD_FOREIGN_KEY_CHECKS=@@FOREIGN_KEY_CHECKS, FOREIGN_KEY_CHECKS=0 */;
/*!40101 SET @OLD_SQL_MODE=@@SQL_MODE, SQL_MODE='NO_AUTO_VALUE_ON_ZERO' */;
/*!40111 SET @OLD_SQL_NOTES=@@SQL_NOTES, SQL_NOTES=0 */;

--
-- Table structure for table `book`
--
CREATE DATABASE `ebook`;
USE `ebook`;

DROP TABLE IF EXISTS `book`;
/*!40101 SET @saved_cs_client     = @@character_set_client */;
/*!50503 SET character_set_client = utf8mb4 */;
CREATE TABLE `book` (
  `id` bigint NOT NULL AUTO_INCREMENT,
  `tag_id` varchar(45) DEFAULT NULL,
  `title` varchar(255) NOT NULL,
  `author` varchar(100) NOT NULL,
  `cover` varchar(255) DEFAULT NULL,
  `cover_keyname` varchar(255) DEFAULT NULL,
  `publisher` varchar(255) DEFAULT NULL,
  `price` double DEFAULT '0',
  `sales` int DEFAULT '0',
  `description` text,
  `source` varchar(255) DEFAULT NULL,
  `source_keyname` varchar(255) DEFAULT NULL,
  `status` tinyint DEFAULT '0' COMMENT '0:not disabled; 1: disabled',
  `create_time` datetime DEFAULT NULL,
  `update_time` datetime DEFAULT NULL,
  `uploader_id` bigint DEFAULT NULL,
  PRIMARY KEY (`id`)
) ENGINE=InnoDB AUTO_INCREMENT=481 DEFAULT CHARSET=utf8;
/*!40101 SET character_set_client = @saved_cs_client */;

--
-- Dumping data for table `book`
--

LOCK TABLES `book` WRITE;
/*!40000 ALTER TABLE `book` DISABLE KEYS */;
INSERT INTO `book` VALUES (230,NULL,'Fundamentals of Wavelets','Goswami, Jaideva','https://csc207-ebook-storage.s3.ca-central-1.amazonaws.com/doc_cover/2022-10-06/default-book-cover.png336321982bc14ac086aecac0992aff24',NULL,'Wiley',10.8,0,NULL,NULL,NULL,0,'2022-10-07 10:06:55','2022-10-14 19:53:23',NULL),(231,NULL,'Data Smart','Foreman, John','https://csc207-ebook-storage.s3.ca-central-1.amazonaws.com/doc_cover/2022-10-06/default-book-cover.png336321982bc14ac086aecac0992aff24',NULL,'Wiley',20.9,0,NULL,NULL,NULL,0,'2022-10-07 10:06:55','2022-10-14 19:53:23',NULL),(232,NULL,'God Created the Integers','Hawking, Stephen','https://csc207-ebook-storage.s3.ca-central-1.amazonaws.com/doc_cover/2022-10-06/default-book-cover.png336321982bc14ac086aecac0992aff24',NULL,'Penguin',10.2,0,NULL,NULL,NULL,0,'2022-10-07 10:06:55','2022-10-14 19:53:23',NULL),(233,NULL,'Superfreakonomics','Dubner, Stephen','https://csc207-ebook-storage.s3.ca-central-1.amazonaws.com/doc_cover/2022-10-06/default-book-cover.png336321982bc14ac086aecac0992aff24',NULL,'HarperCollins',15.99,0,NULL,NULL,NULL,0,'2022-10-07 10:06:55','2022-10-14 19:53:23',NULL),(234,NULL,'Orientalism','Said, Edward','https://csc207-ebook-storage.s3.ca-central-1.amazonaws.com/doc_cover/2022-10-06/default-book-cover.png336321982bc14ac086aecac0992aff24',NULL,'Penguin',0,0,NULL,NULL,NULL,0,'2022-10-07 10:06:55','2022-10-14 19:53:23',NULL),(235,NULL,'Nature of Statistical Learning Theory','Vapnik, Vladimir','https://csc207-ebook-storage.s3.ca-central-1.amazonaws.com/doc_cover/2022-10-06/default-book-cover.png336321982bc14ac086aecac0992aff24',NULL,'Springer',0,0,NULL,NULL,NULL,0,'2022-10-07 10:06:55','2022-10-14 19:53:23',NULL),(236,NULL,'Integration of the Indian States','Menon, V P','https://csc207-ebook-storage.s3.ca-central-1.amazonaws.com/doc_cover/2022-10-06/default-book-cover.png336321982bc14ac086aecac0992aff24',NULL,'Orient Blackswan',0,0,NULL,NULL,NULL,0,'2022-10-07 10:06:55','2022-10-14 19:53:23',NULL),(237,NULL,'Drunkard\'s Walk, The','Mlodinow, Leonard','https://csc207-ebook-storage.s3.ca-central-1.amazonaws.com/doc_cover/2022-10-06/default-book-cover.png336321982bc14ac086aecac0992aff24',NULL,'Penguin',0,0,NULL,NULL,NULL,0,'2022-10-07 10:06:55','2022-10-14 19:53:23',NULL),(238,NULL,'Image Processing & Mathematical Morphology','Shih, Frank','https://csc207-ebook-storage.s3.ca-central-1.amazonaws.com/doc_cover/2022-10-06/default-book-cover.png336321982bc14ac086aecac0992aff24',NULL,'CRC',0,0,NULL,NULL,NULL,0,'2022-10-07 10:06:55','2022-10-14 19:53:23',NULL),(239,NULL,'How to Think Like Sherlock Holmes','Konnikova, Maria','https://csc207-ebook-storage.s3.ca-central-1.amazonaws.com/doc_cover/2022-10-06/default-book-cover.png336321982bc14ac086aecac0992aff24',NULL,'Penguin',0,0,NULL,NULL,NULL,0,'2022-10-07 10:06:55','2022-10-14 19:53:23',NULL),(240,NULL,'Data Scientists at Work','Sebastian Gutierrez','https://csc207-ebook-storage.s3.ca-central-1.amazonaws.com/doc_cover/2022-10-06/default-book-cover.png336321982bc14ac086aecac0992aff24',NULL,'Apress',0,0,NULL,NULL,NULL,0,'2022-10-07 10:06:55','2022-10-14 19:53:23',NULL),(241,NULL,'Slaughterhouse Five','Vonnegut, Kurt','https://csc207-ebook-storage.s3.ca-central-1.amazonaws.com/doc_cover/2022-10-06/default-book-cover.png336321982bc14ac086aecac0992aff24',NULL,'Random House',0,0,NULL,NULL,NULL,0,'2022-10-07 10:06:55','2022-10-14 19:53:23',NULL),(242,NULL,'Birth of a Theorem','Villani, Cedric','https://csc207-ebook-storage.s3.ca-central-1.amazonaws.com/doc_cover/2022-10-06/default-book-cover.png336321982bc14ac086aecac0992aff24',NULL,'Bodley Head',0,0,NULL,NULL,NULL,0,'2022-10-07 10:06:55','2022-10-14 19:53:23',NULL),(243,NULL,'Structure & Interpretation of Computer Programs','Sussman, Gerald','https://csc207-ebook-storage.s3.ca-central-1.amazonaws.com/doc_cover/2022-10-06/default-book-cover.png336321982bc14ac086aecac0992aff24',NULL,'MIT Press',0,0,NULL,NULL,NULL,0,'2022-10-07 10:06:55','2022-10-14 19:53:23',NULL),(244,NULL,'Age of Wrath, The','Eraly, Abraham','https://csc207-ebook-storage.s3.ca-central-1.amazonaws.com/doc_cover/2022-10-06/default-book-cover.png336321982bc14ac086aecac0992aff24',NULL,'Penguin',0,0,NULL,NULL,NULL,0,'2022-10-07 10:06:55','2022-10-14 19:53:23',NULL),(245,NULL,'Trial, The','Kafka, Frank','https://csc207-ebook-storage.s3.ca-central-1.amazonaws.com/doc_cover/2022-10-06/default-book-cover.png336321982bc14ac086aecac0992aff24',NULL,'Random House',0,0,NULL,NULL,NULL,0,'2022-10-07 10:06:55','2022-10-14 19:53:23',NULL),(246,NULL,'Statistical Decision Theory\'','Pratt, John','https://csc207-ebook-storage.s3.ca-central-1.amazonaws.com/doc_cover/2022-10-06/default-book-cover.png336321982bc14ac086aecac0992aff24',NULL,'MIT Press',0,0,NULL,NULL,NULL,0,'2022-10-07 10:06:55','2022-10-14 19:53:23',NULL),(247,NULL,'Data Mining Handbook','Nisbet, Robert','https://csc207-ebook-storage.s3.ca-central-1.amazonaws.com/doc_cover/2022-10-06/default-book-cover.png336321982bc14ac086aecac0992aff24',NULL,'Apress',0,0,NULL,NULL,NULL,0,'2022-10-07 10:06:55','2022-10-14 19:53:23',NULL),(248,NULL,'New Machiavelli, The','Wells, H. G.','https://csc207-ebook-storage.s3.ca-central-1.amazonaws.com/doc_cover/2022-10-06/default-book-cover.png336321982bc14ac086aecac0992aff24',NULL,'Penguin',0,0,NULL,NULL,NULL,0,'2022-10-07 10:06:55','2022-10-14 19:53:23',NULL),(249,NULL,'Physics & Philosophy','Heisenberg, Werner','https://csc207-ebook-storage.s3.ca-central-1.amazonaws.com/doc_cover/2022-10-06/default-book-cover.png336321982bc14ac086aecac0992aff24',NULL,'Penguin',0,0,NULL,NULL,NULL,0,'2022-10-07 10:06:55','2022-10-14 19:53:23',NULL),(250,NULL,'Making Software','Oram, Andy','https://csc207-ebook-storage.s3.ca-central-1.amazonaws.com/doc_cover/2022-10-06/default-book-cover.png336321982bc14ac086aecac0992aff24',NULL,'O\'Reilly',0,0,NULL,NULL,NULL,0,'2022-10-07 10:06:55','2022-10-14 19:53:23',NULL),(251,NULL,'Analysis, Vol I','Tao, Terence','https://csc207-ebook-storage.s3.ca-central-1.amazonaws.com/doc_cover/2022-10-06/default-book-cover.png336321982bc14ac086aecac0992aff24',NULL,'HBA',0,0,NULL,NULL,NULL,0,'2022-10-07 10:06:55','2022-10-14 19:53:23',NULL),(252,NULL,'Machine Learning for Hackers','Conway, Drew','https://csc207-ebook-storage.s3.ca-central-1.amazonaws.com/doc_cover/2022-10-06/default-book-cover.png336321982bc14ac086aecac0992aff24',NULL,'O\'Reilly',0,0,NULL,NULL,NULL,0,'2022-10-07 10:06:55','2022-10-14 19:53:23',NULL),(253,NULL,'Signal and the Noise, The','Silver, Nate','https://csc207-ebook-storage.s3.ca-central-1.amazonaws.com/doc_cover/2022-10-06/default-book-cover.png336321982bc14ac086aecac0992aff24',NULL,'Penguin',0,0,NULL,NULL,NULL,0,'2022-10-07 10:06:55','2022-10-14 19:53:23',NULL),(254,NULL,'Python for Data Analysis','McKinney, Wes','https://csc207-ebook-storage.s3.ca-central-1.amazonaws.com/doc_cover/2022-10-06/default-book-cover.png336321982bc14ac086aecac0992aff24',NULL,'O\'Reilly',0,0,NULL,NULL,NULL,0,'2022-10-07 10:06:55','2022-10-14 19:53:23',NULL),(255,NULL,'Introduction to Algorithms','Cormen, Thomas','https://csc207-ebook-storage.s3.ca-central-1.amazonaws.com/doc_cover/2022-10-06/default-book-cover.png336321982bc14ac086aecac0992aff24',NULL,'MIT Press',0,0,NULL,NULL,NULL,0,'2022-10-07 10:06:55','2022-10-14 19:53:23',NULL),(256,NULL,'Beautiful and the Damned','Deb, Siddhartha','https://csc207-ebook-storage.s3.ca-central-1.amazonaws.com/doc_cover/2022-10-06/default-book-cover.png336321982bc14ac086aecac0992aff24',NULL,'Penguin',0,0,NULL,NULL,NULL,0,'2022-10-07 10:06:55','2022-10-14 19:53:23',NULL),(257,NULL,'Outsider, The','Camus, Albert','https://csc207-ebook-storage.s3.ca-central-1.amazonaws.com/doc_cover/2022-10-06/default-book-cover.png336321982bc14ac086aecac0992aff24',NULL,'Penguin',0,0,NULL,NULL,NULL,0,'2022-10-07 10:06:55','2022-10-14 19:53:23',NULL),(258,NULL,'Complete Sherlock Holmes, The - Vol I','Doyle, Arthur Conan','https://csc207-ebook-storage.s3.ca-central-1.amazonaws.com/doc_cover/2022-10-06/default-book-cover.png336321982bc14ac086aecac0992aff24',NULL,'Random House',0,0,NULL,NULL,NULL,0,'2022-10-07 10:06:55','2022-10-14 19:53:23',NULL),(259,NULL,'Complete Sherlock Holmes, The - Vol II','Doyle, Arthur Conan','https://csc207-ebook-storage.s3.ca-central-1.amazonaws.com/doc_cover/2022-10-06/default-book-cover.png336321982bc14ac086aecac0992aff24',NULL,'Random House',0,0,NULL,NULL,NULL,0,'2022-10-07 10:06:55','2022-10-14 19:53:23',NULL),(260,NULL,'Wealth of Nations, The','Smith, Adam','https://csc207-ebook-storage.s3.ca-central-1.amazonaws.com/doc_cover/2022-10-06/default-book-cover.png336321982bc14ac086aecac0992aff24',NULL,'Random House',0,0,NULL,NULL,NULL,0,'2022-10-07 10:06:55','2022-10-14 19:53:23',NULL),(261,NULL,'Pillars of the Earth, The','Follett, Ken','https://csc207-ebook-storage.s3.ca-central-1.amazonaws.com/doc_cover/2022-10-06/default-book-cover.png336321982bc14ac086aecac0992aff24',NULL,'Random House',0,0,NULL,NULL,NULL,0,'2022-10-07 10:06:55','2022-10-14 19:53:23',NULL),(262,NULL,'Mein Kampf','Hitler, Adolf','https://csc207-ebook-storage.s3.ca-central-1.amazonaws.com/doc_cover/2022-10-06/default-book-cover.png336321982bc14ac086aecac0992aff24',NULL,'Rupa',0,0,NULL,NULL,NULL,0,'2022-10-07 10:06:55','2022-10-14 19:53:23',NULL),(263,NULL,'Tao of Physics, The','Capra, Fritjof','https://csc207-ebook-storage.s3.ca-central-1.amazonaws.com/doc_cover/2022-10-06/default-book-cover.png336321982bc14ac086aecac0992aff24',NULL,'Penguin',0,0,NULL,NULL,NULL,0,'2022-10-07 10:06:55','2022-10-14 19:53:23',NULL),(264,NULL,'Surely You\'re Joking Mr Feynman','Feynman, Richard','https://csc207-ebook-storage.s3.ca-central-1.amazonaws.com/doc_cover/2022-10-06/default-book-cover.png336321982bc14ac086aecac0992aff24',NULL,'Random House',0,0,NULL,NULL,NULL,0,'2022-10-07 10:06:56','2022-10-14 19:53:23',NULL),(265,NULL,'Farewell to Arms, A','Hemingway, Ernest','https://csc207-ebook-storage.s3.ca-central-1.amazonaws.com/doc_cover/2022-10-06/default-book-cover.png336321982bc14ac086aecac0992aff24',NULL,'Rupa',0,0,NULL,NULL,NULL,0,'2022-10-07 10:06:56','2022-10-14 19:53:23',NULL),(266,NULL,'Veteran, The','Forsyth, Frederick','https://csc207-ebook-storage.s3.ca-central-1.amazonaws.com/doc_cover/2022-10-06/default-book-cover.png336321982bc14ac086aecac0992aff24',NULL,'Transworld',0,0,NULL,NULL,NULL,0,'2022-10-07 10:06:56','2022-10-14 19:53:23',NULL),(267,NULL,'False Impressions','Archer, Jeffery','https://csc207-ebook-storage.s3.ca-central-1.amazonaws.com/doc_cover/2022-10-06/default-book-cover.png336321982bc14ac086aecac0992aff24',NULL,'Pan',0,0,NULL,NULL,NULL,0,'2022-10-07 10:06:56','2022-10-14 19:53:23',NULL),(268,NULL,'Last Lecture, The','Pausch, Randy','https://csc207-ebook-storage.s3.ca-central-1.amazonaws.com/doc_cover/2022-10-06/default-book-cover.png336321982bc14ac086aecac0992aff24',NULL,'Hyperion',0,0,NULL,NULL,NULL,0,'2022-10-07 10:06:56','2022-10-14 19:53:23',NULL),(269,NULL,'Return of the Primitive','Rand, Ayn','https://csc207-ebook-storage.s3.ca-central-1.amazonaws.com/doc_cover/2022-10-06/default-book-cover.png336321982bc14ac086aecac0992aff24',NULL,'Penguin',0,0,NULL,NULL,NULL,0,'2022-10-07 10:06:56','2022-10-14 19:53:23',NULL),(270,NULL,'Jurassic Park','Crichton, Michael','https://csc207-ebook-storage.s3.ca-central-1.amazonaws.com/doc_cover/2022-10-06/default-book-cover.png336321982bc14ac086aecac0992aff24',NULL,'Random House',0,0,NULL,NULL,NULL,0,'2022-10-07 10:06:56','2022-10-14 19:53:23',NULL),(271,NULL,'Russian Journal, A','Steinbeck, John','https://csc207-ebook-storage.s3.ca-central-1.amazonaws.com/doc_cover/2022-10-06/default-book-cover.png336321982bc14ac086aecac0992aff24',NULL,'Penguin',0,0,NULL,NULL,NULL,0,'2022-10-07 10:06:56','2022-10-14 19:53:23',NULL),(272,NULL,'Tales of Mystery and Imagination','Poe, Edgar Allen','https://csc207-ebook-storage.s3.ca-central-1.amazonaws.com/doc_cover/2022-10-06/default-book-cover.png336321982bc14ac086aecac0992aff24',NULL,'HarperCollins',0,0,NULL,NULL,NULL,0,'2022-10-07 10:06:56','2022-10-14 19:53:23',NULL),(273,NULL,'Freakonomics','Dubner, Stephen','https://csc207-ebook-storage.s3.ca-central-1.amazonaws.com/doc_cover/2022-10-06/default-book-cover.png336321982bc14ac086aecac0992aff24',NULL,'Penguin',0,0,NULL,NULL,NULL,0,'2022-10-07 10:06:56','2022-10-14 19:53:23',NULL),(274,NULL,'Hidden Connections, The','Capra, Fritjof','https://csc207-ebook-storage.s3.ca-central-1.amazonaws.com/doc_cover/2022-10-06/default-book-cover.png336321982bc14ac086aecac0992aff24',NULL,'HarperCollins',0,0,NULL,NULL,NULL,0,'2022-10-07 10:06:56','2022-10-14 19:53:23',NULL),(275,NULL,'Story of Philosophy, The','Durant, Will','https://csc207-ebook-storage.s3.ca-central-1.amazonaws.com/doc_cover/2022-10-06/default-book-cover.png336321982bc14ac086aecac0992aff24',NULL,'Pocket',0,0,NULL,NULL,NULL,0,'2022-10-07 10:06:56','2022-10-14 19:53:23',NULL),(276,NULL,'Asami Asami','Deshpande, P L','https://csc207-ebook-storage.s3.ca-central-1.amazonaws.com/doc_cover/2022-10-06/default-book-cover.png336321982bc14ac086aecac0992aff24',NULL,'Mauj',0,0,NULL,NULL,NULL,0,'2022-10-07 10:06:56','2022-10-14 19:53:23',NULL),(277,NULL,'Journal of a Novel','Steinbeck, John','https://csc207-ebook-storage.s3.ca-central-1.amazonaws.com/doc_cover/2022-10-06/default-book-cover.png336321982bc14ac086aecac0992aff24',NULL,'Penguin',0,0,NULL,NULL,NULL,0,'2022-10-07 10:06:56','2022-10-14 19:53:23',NULL),(278,NULL,'Once There Was a War','Steinbeck, John','https://csc207-ebook-storage.s3.ca-central-1.amazonaws.com/doc_cover/2022-10-06/default-book-cover.png336321982bc14ac086aecac0992aff24',NULL,'Penguin',0,0,NULL,NULL,NULL,0,'2022-10-07 10:06:56','2022-10-14 19:53:23',NULL),(279,NULL,'Moon is Down, The','Steinbeck, John','https://csc207-ebook-storage.s3.ca-central-1.amazonaws.com/doc_cover/2022-10-06/default-book-cover.png336321982bc14ac086aecac0992aff24',NULL,'Penguin',0,0,NULL,NULL,NULL,0,'2022-10-07 10:06:56','2022-10-14 19:53:23',NULL),(280,NULL,'Brethren, The','Grisham, John','https://csc207-ebook-storage.s3.ca-central-1.amazonaws.com/doc_cover/2022-10-06/default-book-cover.png336321982bc14ac086aecac0992aff24',NULL,'Random House',0,0,NULL,NULL,NULL,0,'2022-10-07 10:06:56','2022-10-14 19:53:23',NULL),(281,NULL,'In a Free State','Naipaul, V. S.','https://csc207-ebook-storage.s3.ca-central-1.amazonaws.com/doc_cover/2022-10-06/default-book-cover.png336321982bc14ac086aecac0992aff24',NULL,'Rupa',0,0,NULL,NULL,NULL,0,'2022-10-07 10:06:56','2022-10-14 19:53:23',NULL),(282,NULL,'Catch 22','Heller, Joseph','https://csc207-ebook-storage.s3.ca-central-1.amazonaws.com/doc_cover/2022-10-06/default-book-cover.png336321982bc14ac086aecac0992aff24',NULL,'Random House',0,0,NULL,NULL,NULL,0,'2022-10-07 10:06:56','2022-10-14 19:53:23',NULL),(283,NULL,'Complete Mastermind, The','BBC','https://csc207-ebook-storage.s3.ca-central-1.amazonaws.com/doc_cover/2022-10-06/default-book-cover.png336321982bc14ac086aecac0992aff24',NULL,'BBC',0,0,NULL,NULL,NULL,0,'2022-10-07 10:06:56','2022-10-14 19:53:23',NULL),(284,NULL,'Dylan on Dylan','Dylan, Bob','https://csc207-ebook-storage.s3.ca-central-1.amazonaws.com/doc_cover/2022-10-06/default-book-cover.png336321982bc14ac086aecac0992aff24',NULL,'Random House',0,0,NULL,NULL,NULL,0,'2022-10-07 10:06:56','2022-10-14 19:53:23',NULL),(285,NULL,'Soft Computing & Intelligent Systems','Gupta, Madan','https://csc207-ebook-storage.s3.ca-central-1.amazonaws.com/doc_cover/2022-10-06/default-book-cover.png336321982bc14ac086aecac0992aff24',NULL,'Elsevier',0,0,NULL,NULL,NULL,0,'2022-10-07 10:06:56','2022-10-14 19:53:23',NULL),(286,NULL,'Textbook of Economic Theory','Stonier, Alfred','https://csc207-ebook-storage.s3.ca-central-1.amazonaws.com/doc_cover/2022-10-06/default-book-cover.png336321982bc14ac086aecac0992aff24',NULL,'Pearson',0,0,NULL,NULL,NULL,0,'2022-10-07 10:06:56','2022-10-14 19:53:23',NULL),(287,NULL,'Econometric Analysis','Greene, W. H.','https://csc207-ebook-storage.s3.ca-central-1.amazonaws.com/doc_cover/2022-10-06/default-book-cover.png336321982bc14ac086aecac0992aff24',NULL,'Pearson',0,0,NULL,NULL,NULL,0,'2022-10-07 10:06:56','2022-10-14 19:53:23',NULL),(288,NULL,'Learning OpenCV','Bradsky, Gary','https://csc207-ebook-storage.s3.ca-central-1.amazonaws.com/doc_cover/2022-10-06/default-book-cover.png336321982bc14ac086aecac0992aff24',NULL,'O\'Reilly',0,0,NULL,NULL,NULL,0,'2022-10-07 10:06:56','2022-10-14 19:53:23',NULL),(289,NULL,'Data Structures Using C & C++','Tanenbaum, Andrew','https://csc207-ebook-storage.s3.ca-central-1.amazonaws.com/doc_cover/2022-10-06/default-book-cover.png336321982bc14ac086aecac0992aff24',NULL,'Prentice Hall',0,0,NULL,NULL,NULL,0,'2022-10-07 10:06:56','2022-10-14 19:53:23',NULL),(290,NULL,'Computer Vision, A Modern Approach','Forsyth, David','https://csc207-ebook-storage.s3.ca-central-1.amazonaws.com/doc_cover/2022-10-06/default-book-cover.png336321982bc14ac086aecac0992aff24',NULL,'Pearson',0,0,NULL,NULL,NULL,0,'2022-10-07 10:06:56','2022-10-14 19:53:23',NULL),(291,NULL,'Principles of Communication Systems','Taub, Schilling','https://csc207-ebook-storage.s3.ca-central-1.amazonaws.com/doc_cover/2022-10-06/default-book-cover.png336321982bc14ac086aecac0992aff24',NULL,'TMH',0,0,NULL,NULL,NULL,0,'2022-10-07 10:06:56','2022-10-14 19:53:23',NULL),(292,NULL,'Let Us C','Kanetkar, Yashwant','https://csc207-ebook-storage.s3.ca-central-1.amazonaws.com/doc_cover/2022-10-06/default-book-cover.png336321982bc14ac086aecac0992aff24',NULL,'Prentice Hall',0,0,NULL,NULL,NULL,0,'2022-10-07 10:06:56','2022-10-14 19:53:23',NULL),(293,NULL,'Amulet of Samarkand, The','Stroud, Jonathan','https://csc207-ebook-storage.s3.ca-central-1.amazonaws.com/doc_cover/2022-10-06/default-book-cover.png336321982bc14ac086aecac0992aff24',NULL,'Random House',0,0,NULL,NULL,NULL,0,'2022-10-07 10:06:56','2022-10-14 19:53:23',NULL),(294,NULL,'Crime and Punishment','Dostoevsky, Fyodor','https://csc207-ebook-storage.s3.ca-central-1.amazonaws.com/doc_cover/2022-10-06/default-book-cover.png336321982bc14ac086aecac0992aff24',NULL,'Penguin',0,0,NULL,NULL,NULL,0,'2022-10-07 10:06:56','2022-10-14 19:53:23',NULL),(295,NULL,'Angels & Demons','Brown, Dan','https://csc207-ebook-storage.s3.ca-central-1.amazonaws.com/doc_cover/2022-10-06/default-book-cover.png336321982bc14ac086aecac0992aff24',NULL,'Random House',0,0,NULL,NULL,NULL,0,'2022-10-07 10:06:56','2022-10-14 19:53:23',NULL),(296,NULL,'Argumentative Indian, The','Sen, Amartya','https://csc207-ebook-storage.s3.ca-central-1.amazonaws.com/doc_cover/2022-10-06/default-book-cover.png336321982bc14ac086aecac0992aff24',NULL,'Picador',0,0,NULL,NULL,NULL,0,'2022-10-07 10:06:56','2022-10-14 19:53:23',NULL),(297,NULL,'Sea of Poppies','Ghosh, Amitav','https://csc207-ebook-storage.s3.ca-central-1.amazonaws.com/doc_cover/2022-10-06/default-book-cover.png336321982bc14ac086aecac0992aff24',NULL,'Penguin',0,0,NULL,NULL,NULL,0,'2022-10-07 10:06:56','2022-10-14 19:53:23',NULL),(298,NULL,'Idea of Justice, The','Sen, Amartya','https://csc207-ebook-storage.s3.ca-central-1.amazonaws.com/doc_cover/2022-10-06/default-book-cover.png336321982bc14ac086aecac0992aff24',NULL,'Penguin',0,0,NULL,NULL,NULL,0,'2022-10-07 10:06:56','2022-10-14 19:53:23',NULL),(299,NULL,'Raisin in the Sun, A','Hansberry, Lorraine','https://csc207-ebook-storage.s3.ca-central-1.amazonaws.com/doc_cover/2022-10-06/default-book-cover.png336321982bc14ac086aecac0992aff24',NULL,'Penguin',0,0,NULL,NULL,NULL,0,'2022-10-07 10:06:56','2022-10-14 19:53:23',NULL),(300,NULL,'All the President\'s Men','Woodward, Bob','https://csc207-ebook-storage.s3.ca-central-1.amazonaws.com/doc_cover/2022-10-06/default-book-cover.png336321982bc14ac086aecac0992aff24',NULL,'Random House',0,0,NULL,NULL,NULL,0,'2022-10-07 10:06:56','2022-10-14 19:53:23',NULL),(301,NULL,'Prisoner of Birth, A','Archer, Jeffery','https://csc207-ebook-storage.s3.ca-central-1.amazonaws.com/doc_cover/2022-10-06/default-book-cover.png336321982bc14ac086aecac0992aff24',NULL,'Pan',0,0,NULL,NULL,NULL,0,'2022-10-07 10:06:56','2022-10-14 19:53:23',NULL),(302,NULL,'Scoop!','Nayar, Kuldip','https://csc207-ebook-storage.s3.ca-central-1.amazonaws.com/doc_cover/2022-10-06/default-book-cover.png336321982bc14ac086aecac0992aff24',NULL,'HarperCollins',0,0,NULL,NULL,NULL,0,'2022-10-07 10:06:56','2022-10-14 19:53:23',NULL),(303,NULL,'Ahe Manohar Tari','Deshpande, Sunita','https://csc207-ebook-storage.s3.ca-central-1.amazonaws.com/doc_cover/2022-10-06/default-book-cover.png336321982bc14ac086aecac0992aff24',NULL,'Mauj',0,0,NULL,NULL,NULL,0,'2022-10-07 10:06:56','2022-10-14 19:53:23',NULL),(304,NULL,'Last Mughal, The','Dalrymple, William','https://csc207-ebook-storage.s3.ca-central-1.amazonaws.com/doc_cover/2022-10-06/default-book-cover.png336321982bc14ac086aecac0992aff24',NULL,'Penguin',0,0,NULL,NULL,NULL,0,'2022-10-07 10:06:56','2022-10-14 19:53:23',NULL),(305,NULL,'Social Choice & Welfare, Vol 39 No. 1','Various','https://csc207-ebook-storage.s3.ca-central-1.amazonaws.com/doc_cover/2022-10-06/default-book-cover.png336321982bc14ac086aecac0992aff24',NULL,'Springer',0,0,NULL,NULL,NULL,0,'2022-10-07 10:06:56','2022-10-14 19:53:23',NULL),(306,NULL,'Radiowaril Bhashane & Shrutika','Deshpande, P L','https://csc207-ebook-storage.s3.ca-central-1.amazonaws.com/doc_cover/2022-10-06/default-book-cover.png336321982bc14ac086aecac0992aff24',NULL,'Mauj',0,0,NULL,NULL,NULL,0,'2022-10-07 10:06:56','2022-10-14 19:53:23',NULL),(307,NULL,'Gun Gayin Awadi','Deshpande, P L','https://csc207-ebook-storage.s3.ca-central-1.amazonaws.com/doc_cover/2022-10-06/default-book-cover.png336321982bc14ac086aecac0992aff24',NULL,'Mauj',0,0,NULL,NULL,NULL,0,'2022-10-07 10:06:56','2022-10-14 19:53:23',NULL),(308,NULL,'Aghal Paghal','Deshpande, P L','https://csc207-ebook-storage.s3.ca-central-1.amazonaws.com/doc_cover/2022-10-06/default-book-cover.png336321982bc14ac086aecac0992aff24',NULL,'Mauj',0,0,NULL,NULL,NULL,0,'2022-10-07 10:06:56','2022-10-14 19:53:23',NULL),(309,NULL,'Maqta-e-Ghalib','Garg, Sanjay','https://csc207-ebook-storage.s3.ca-central-1.amazonaws.com/doc_cover/2022-10-06/default-book-cover.png336321982bc14ac086aecac0992aff24',NULL,'Mauj',0,0,NULL,NULL,NULL,0,'2022-10-07 10:06:56','2022-10-14 19:53:23',NULL),(310,NULL,'Beyond Degrees','','https://csc207-ebook-storage.s3.ca-central-1.amazonaws.com/doc_cover/2022-10-06/default-book-cover.png336321982bc14ac086aecac0992aff24',NULL,'HarperCollins',0,0,NULL,NULL,NULL,0,'2022-10-07 10:06:56','2022-10-14 19:53:23',NULL),(311,NULL,'Manasa','Kale, V P','https://csc207-ebook-storage.s3.ca-central-1.amazonaws.com/doc_cover/2022-10-06/default-book-cover.png336321982bc14ac086aecac0992aff24',NULL,'Mauj',0,0,NULL,NULL,NULL,0,'2022-10-07 10:06:56','2022-10-14 19:53:23',NULL),(312,NULL,'India from Midnight to Milennium','Tharoor, Shashi','https://csc207-ebook-storage.s3.ca-central-1.amazonaws.com/doc_cover/2022-10-06/default-book-cover.png336321982bc14ac086aecac0992aff24',NULL,'Penguin',0,0,NULL,NULL,NULL,0,'2022-10-07 10:06:56','2022-10-14 19:53:23',NULL),(313,NULL,'World\'s Greatest Trials, The','','https://csc207-ebook-storage.s3.ca-central-1.amazonaws.com/doc_cover/2022-10-06/default-book-cover.png336321982bc14ac086aecac0992aff24',NULL,'',0,0,NULL,NULL,NULL,0,'2022-10-07 10:06:56','2022-10-14 19:53:23',NULL),(314,NULL,'Great Indian Novel, The','Tharoor, Shashi','https://csc207-ebook-storage.s3.ca-central-1.amazonaws.com/doc_cover/2022-10-06/default-book-cover.png336321982bc14ac086aecac0992aff24',NULL,'Penguin',0,0,NULL,NULL,NULL,0,'2022-10-07 10:06:56','2022-10-14 19:53:23',NULL),(315,NULL,'O Jerusalem!','Lapierre, Dominique','https://csc207-ebook-storage.s3.ca-central-1.amazonaws.com/doc_cover/2022-10-06/default-book-cover.png336321982bc14ac086aecac0992aff24',NULL,'vikas',0,0,NULL,NULL,NULL,0,'2022-10-07 10:06:56','2022-10-14 19:53:23',NULL),(316,NULL,'City of Joy, The','Lapierre, Dominique','https://csc207-ebook-storage.s3.ca-central-1.amazonaws.com/doc_cover/2022-10-06/default-book-cover.png336321982bc14ac086aecac0992aff24',NULL,'vikas',0,0,NULL,NULL,NULL,0,'2022-10-07 10:06:56','2022-10-14 19:53:23',NULL),(317,NULL,'Freedom at Midnight','Lapierre, Dominique','https://csc207-ebook-storage.s3.ca-central-1.amazonaws.com/doc_cover/2022-10-06/default-book-cover.png336321982bc14ac086aecac0992aff24',NULL,'vikas',0,0,NULL,NULL,NULL,0,'2022-10-07 10:06:56','2022-10-14 19:53:23',NULL),(318,NULL,'Winter of Our Discontent, The','Steinbeck, John','https://csc207-ebook-storage.s3.ca-central-1.amazonaws.com/doc_cover/2022-10-06/default-book-cover.png336321982bc14ac086aecac0992aff24',NULL,'Penguin',0,0,NULL,NULL,NULL,0,'2022-10-07 10:06:56','2022-10-14 19:53:23',NULL),(319,NULL,'On Education','Russell, Bertrand','https://csc207-ebook-storage.s3.ca-central-1.amazonaws.com/doc_cover/2022-10-06/default-book-cover.png336321982bc14ac086aecac0992aff24',NULL,'Routledge',0,0,NULL,NULL,NULL,0,'2022-10-07 10:06:56','2022-10-14 19:53:23',NULL),(320,NULL,'Free Will','Harris, Sam','https://csc207-ebook-storage.s3.ca-central-1.amazonaws.com/doc_cover/2022-10-06/default-book-cover.png336321982bc14ac086aecac0992aff24',NULL,'FreePress',0,0,NULL,NULL,NULL,0,'2022-10-07 10:06:56','2022-10-14 19:53:23',NULL),(321,NULL,'Bookless in Baghdad','Tharoor, Shashi','https://csc207-ebook-storage.s3.ca-central-1.amazonaws.com/doc_cover/2022-10-06/default-book-cover.png336321982bc14ac086aecac0992aff24',NULL,'Penguin',0,0,NULL,NULL,NULL,0,'2022-10-07 10:06:56','2022-10-14 19:53:23',NULL),(322,NULL,'Case of the Lame Canary, The','Gardner, Earle Stanley','https://csc207-ebook-storage.s3.ca-central-1.amazonaws.com/doc_cover/2022-10-06/default-book-cover.png336321982bc14ac086aecac0992aff24',NULL,'',0,0,NULL,NULL,NULL,0,'2022-10-07 10:06:56','2022-10-14 19:53:23',NULL),(323,NULL,'Theory of Everything, The','Hawking, Stephen','https://csc207-ebook-storage.s3.ca-central-1.amazonaws.com/doc_cover/2022-10-06/default-book-cover.png336321982bc14ac086aecac0992aff24',NULL,'Jaico',0,0,NULL,NULL,NULL,0,'2022-10-07 10:06:56','2022-10-14 19:53:23',NULL),(324,NULL,'New Markets & Other Essays','Drucker, Peter','https://csc207-ebook-storage.s3.ca-central-1.amazonaws.com/doc_cover/2022-10-06/default-book-cover.png336321982bc14ac086aecac0992aff24',NULL,'Penguin',0,0,NULL,NULL,NULL,0,'2022-10-07 10:06:56','2022-10-14 19:53:23',NULL),(325,NULL,'Electric Universe','Bodanis, David','https://csc207-ebook-storage.s3.ca-central-1.amazonaws.com/doc_cover/2022-10-06/default-book-cover.png336321982bc14ac086aecac0992aff24',NULL,'Penguin',0,0,NULL,NULL,NULL,0,'2022-10-07 10:06:56','2022-10-14 19:53:23',NULL),(326,NULL,'Hunchback of Notre Dame, The','Hugo, Victor','https://csc207-ebook-storage.s3.ca-central-1.amazonaws.com/doc_cover/2022-10-06/default-book-cover.png336321982bc14ac086aecac0992aff24',NULL,'Random House',0,0,NULL,NULL,NULL,0,'2022-10-07 10:06:56','2022-10-14 19:53:23',NULL),(327,NULL,'Burning Bright','Steinbeck, John','https://csc207-ebook-storage.s3.ca-central-1.amazonaws.com/doc_cover/2022-10-06/default-book-cover.png336321982bc14ac086aecac0992aff24',NULL,'Penguin',0,0,NULL,NULL,NULL,0,'2022-10-07 10:06:56','2022-10-14 19:53:23',NULL),(328,NULL,'Age of Discontuinity, The','Drucker, Peter','https://csc207-ebook-storage.s3.ca-central-1.amazonaws.com/doc_cover/2022-10-06/default-book-cover.png336321982bc14ac086aecac0992aff24',NULL,'Random House',0,0,NULL,NULL,NULL,0,'2022-10-07 10:06:56','2022-10-14 19:53:23',NULL),(329,NULL,'Doctor in the Nude','Gordon, Richard','https://csc207-ebook-storage.s3.ca-central-1.amazonaws.com/doc_cover/2022-10-06/default-book-cover.png336321982bc14ac086aecac0992aff24',NULL,'Penguin',0,0,NULL,NULL,NULL,0,'2022-10-07 10:06:56','2022-10-14 19:53:23',NULL),(330,NULL,'Down and Out in Paris & London','Orwell, George','https://csc207-ebook-storage.s3.ca-central-1.amazonaws.com/doc_cover/2022-10-06/default-book-cover.png336321982bc14ac086aecac0992aff24',NULL,'Penguin',0,0,NULL,NULL,NULL,0,'2022-10-07 10:06:56','2022-10-14 19:53:23',NULL),(331,NULL,'Identity & Violence','Sen, Amartya','https://csc207-ebook-storage.s3.ca-central-1.amazonaws.com/doc_cover/2022-10-06/default-book-cover.png336321982bc14ac086aecac0992aff24',NULL,'Penguin',0,0,NULL,NULL,NULL,0,'2022-10-07 10:06:56','2022-10-14 19:53:23',NULL),(332,NULL,'Beyond the Three Seas','Dalrymple, William','https://csc207-ebook-storage.s3.ca-central-1.amazonaws.com/doc_cover/2022-10-06/default-book-cover.png336321982bc14ac086aecac0992aff24',NULL,'Random House',0,0,NULL,NULL,NULL,0,'2022-10-07 10:06:56','2022-10-14 19:53:23',NULL),(333,NULL,'World\'s Greatest Short Stories, The','','https://csc207-ebook-storage.s3.ca-central-1.amazonaws.com/doc_cover/2022-10-06/default-book-cover.png336321982bc14ac086aecac0992aff24',NULL,'Jaico',0,0,NULL,NULL,NULL,0,'2022-10-07 10:06:56','2022-10-14 19:53:23',NULL),(334,NULL,'Talking Straight','Iacoca, Lee','https://csc207-ebook-storage.s3.ca-central-1.amazonaws.com/doc_cover/2022-10-06/default-book-cover.png336321982bc14ac086aecac0992aff24',NULL,'',0,0,NULL,NULL,NULL,0,'2022-10-07 10:06:56','2022-10-14 19:53:23',NULL),(335,NULL,'Maugham\'s Collected Short Stories, Vol 3','Maugham, William S','https://csc207-ebook-storage.s3.ca-central-1.amazonaws.com/doc_cover/2022-10-06/default-book-cover.png336321982bc14ac086aecac0992aff24',NULL,'Vintage',0,0,NULL,NULL,NULL,0,'2022-10-07 10:06:56','2022-10-14 19:53:23',NULL),(336,NULL,'Phantom of Manhattan, The','Forsyth, Frederick','https://csc207-ebook-storage.s3.ca-central-1.amazonaws.com/doc_cover/2022-10-06/default-book-cover.png336321982bc14ac086aecac0992aff24',NULL,'',0,0,NULL,NULL,NULL,0,'2022-10-07 10:06:56','2022-10-14 19:53:23',NULL),(337,NULL,'Ashenden of The British Agent','Maugham, William S','https://csc207-ebook-storage.s3.ca-central-1.amazonaws.com/doc_cover/2022-10-06/default-book-cover.png336321982bc14ac086aecac0992aff24',NULL,'Vintage',0,0,NULL,NULL,NULL,0,'2022-10-07 10:06:56','2022-10-14 19:53:23',NULL),(338,NULL,'Zen & The Art of Motorcycle Maintenance','Pirsig, Robert','https://csc207-ebook-storage.s3.ca-central-1.amazonaws.com/doc_cover/2022-10-06/default-book-cover.png336321982bc14ac086aecac0992aff24',NULL,'Vintage',0,0,NULL,NULL,NULL,0,'2022-10-07 10:06:56','2022-10-14 19:53:23',NULL),(339,NULL,'Great War for Civilization, The','Fisk, Robert','https://csc207-ebook-storage.s3.ca-central-1.amazonaws.com/doc_cover/2022-10-06/default-book-cover.png336321982bc14ac086aecac0992aff24',NULL,'HarperCollins',0,0,NULL,NULL,NULL,0,'2022-10-07 10:06:56','2022-10-14 19:53:23',NULL),(340,NULL,'We the Living','Rand, Ayn','https://csc207-ebook-storage.s3.ca-central-1.amazonaws.com/doc_cover/2022-10-06/default-book-cover.png336321982bc14ac086aecac0992aff24',NULL,'Penguin',0,0,NULL,NULL,NULL,0,'2022-10-07 10:06:56','2022-10-14 19:53:23',NULL),(341,NULL,'Artist and the Mathematician, The','Aczel, Amir','https://csc207-ebook-storage.s3.ca-central-1.amazonaws.com/doc_cover/2022-10-06/default-book-cover.png336321982bc14ac086aecac0992aff24',NULL,'HighStakes',0,0,NULL,NULL,NULL,0,'2022-10-07 10:06:56','2022-10-14 19:53:23',NULL),(342,NULL,'History of Western Philosophy','Russell, Bertrand','https://csc207-ebook-storage.s3.ca-central-1.amazonaws.com/doc_cover/2022-10-06/default-book-cover.png336321982bc14ac086aecac0992aff24',NULL,'Routledge',0,0,NULL,NULL,NULL,0,'2022-10-07 10:06:56','2022-10-14 19:53:23',NULL),(343,NULL,'Selected Short Stories','','https://csc207-ebook-storage.s3.ca-central-1.amazonaws.com/doc_cover/2022-10-06/default-book-cover.png336321982bc14ac086aecac0992aff24',NULL,'Jaico',0,0,NULL,NULL,NULL,0,'2022-10-07 10:06:56','2022-10-14 19:53:23',NULL),(344,NULL,'Rationality & Freedom','Sen, Amartya','https://csc207-ebook-storage.s3.ca-central-1.amazonaws.com/doc_cover/2022-10-06/default-book-cover.png336321982bc14ac086aecac0992aff24',NULL,'Springer',0,0,NULL,NULL,NULL,0,'2022-10-07 10:06:56','2022-10-14 19:53:23',NULL),(345,NULL,'Clash of Civilizations and Remaking of the World Order','Huntington, Samuel','https://csc207-ebook-storage.s3.ca-central-1.amazonaws.com/doc_cover/2022-10-06/default-book-cover.png336321982bc14ac086aecac0992aff24',NULL,'Simon&Schuster',0,0,NULL,NULL,NULL,0,'2022-10-07 10:06:56','2022-10-14 19:53:23',NULL),(346,NULL,'Uncommon Wisdom','Capra, Fritjof','https://csc207-ebook-storage.s3.ca-central-1.amazonaws.com/doc_cover/2022-10-06/default-book-cover.png336321982bc14ac086aecac0992aff24',NULL,'Fontana',0,0,NULL,NULL,NULL,0,'2022-10-07 10:06:56','2022-10-14 19:53:23',NULL),(347,NULL,'One','Bach, Richard','https://csc207-ebook-storage.s3.ca-central-1.amazonaws.com/doc_cover/2022-10-06/default-book-cover.png336321982bc14ac086aecac0992aff24',NULL,'Dell',0,0,NULL,NULL,NULL,0,'2022-10-07 10:06:56','2022-10-14 19:53:23',NULL),(348,NULL,'Karl Marx Biography','','https://csc207-ebook-storage.s3.ca-central-1.amazonaws.com/doc_cover/2022-10-06/default-book-cover.png336321982bc14ac086aecac0992aff24',NULL,'',0,0,NULL,NULL,NULL,0,'2022-10-07 10:06:56','2022-10-14 19:53:23',NULL),(349,NULL,'To Sir With Love','Braithwaite','https://csc207-ebook-storage.s3.ca-central-1.amazonaws.com/doc_cover/2022-10-06/default-book-cover.png336321982bc14ac086aecac0992aff24',NULL,'Penguin',0,0,NULL,NULL,NULL,0,'2022-10-07 10:06:56','2022-10-14 19:53:23',NULL),(350,NULL,'Half A Life','Naipaul, V S','https://csc207-ebook-storage.s3.ca-central-1.amazonaws.com/doc_cover/2022-10-06/default-book-cover.png336321982bc14ac086aecac0992aff24',NULL,'',0,0,NULL,NULL,NULL,0,'2022-10-07 10:06:56','2022-10-14 19:53:23',NULL),(351,NULL,'Discovery of India, The','Nehru, Jawaharlal','https://csc207-ebook-storage.s3.ca-central-1.amazonaws.com/doc_cover/2022-10-06/default-book-cover.png336321982bc14ac086aecac0992aff24',NULL,'',0,0,NULL,NULL,NULL,0,'2022-10-07 10:06:56','2022-10-14 19:53:23',NULL),(352,NULL,'Apulki','Deshpande, P L','https://csc207-ebook-storage.s3.ca-central-1.amazonaws.com/doc_cover/2022-10-06/default-book-cover.png336321982bc14ac086aecac0992aff24',NULL,'',0,0,NULL,NULL,NULL,0,'2022-10-07 10:06:56','2022-10-14 19:53:23',NULL),(353,NULL,'Unpopular Essays','Russell, Bertrand','https://csc207-ebook-storage.s3.ca-central-1.amazonaws.com/doc_cover/2022-10-06/default-book-cover.png336321982bc14ac086aecac0992aff24',NULL,'',0,0,NULL,NULL,NULL,0,'2022-10-07 10:06:56','2022-10-14 19:53:23',NULL),(354,NULL,'Deceiver, The','Forsyth, Frederick','https://csc207-ebook-storage.s3.ca-central-1.amazonaws.com/doc_cover/2022-10-06/default-book-cover.png336321982bc14ac086aecac0992aff24',NULL,'',0,0,NULL,NULL,NULL,0,'2022-10-07 10:06:56','2022-10-14 19:53:23',NULL),(355,NULL,'Veil: Secret Wars of the CIA','Woodward, Bob','https://csc207-ebook-storage.s3.ca-central-1.amazonaws.com/doc_cover/2022-10-06/default-book-cover.png336321982bc14ac086aecac0992aff24',NULL,'',0,0,NULL,NULL,NULL,0,'2022-10-07 10:06:56','2022-10-14 19:53:23',NULL),(356,NULL,'Char Shabda','Deshpande, P L','https://csc207-ebook-storage.s3.ca-central-1.amazonaws.com/doc_cover/2022-10-06/default-book-cover.png336321982bc14ac086aecac0992aff24',NULL,'',0,0,NULL,NULL,NULL,0,'2022-10-07 10:06:56','2022-10-14 19:53:23',NULL),(357,NULL,'Rosy is My Relative','Durrell, Gerald','https://csc207-ebook-storage.s3.ca-central-1.amazonaws.com/doc_cover/2022-10-06/default-book-cover.png336321982bc14ac086aecac0992aff24',NULL,'',0,0,NULL,NULL,NULL,0,'2022-10-07 10:06:56','2022-10-14 19:53:23',NULL),(358,NULL,'Moon and Sixpence, The','Maugham, William S','https://csc207-ebook-storage.s3.ca-central-1.amazonaws.com/doc_cover/2022-10-06/default-book-cover.png336321982bc14ac086aecac0992aff24',NULL,'',0,0,NULL,NULL,NULL,0,'2022-10-07 10:06:56','2022-10-14 19:53:23',NULL),(359,NULL,'Political Philosophers','','https://csc207-ebook-storage.s3.ca-central-1.amazonaws.com/doc_cover/2022-10-06/default-book-cover.png336321982bc14ac086aecac0992aff24',NULL,'',0,0,NULL,NULL,NULL,0,'2022-10-07 10:06:56','2022-10-14 19:53:23',NULL),(360,NULL,'Short History of the World, A','Wells, H G','https://csc207-ebook-storage.s3.ca-central-1.amazonaws.com/doc_cover/2022-10-06/default-book-cover.png336321982bc14ac086aecac0992aff24',NULL,'',0,0,NULL,NULL,NULL,0,'2022-10-07 10:06:56','2022-10-14 19:53:23',NULL),(361,NULL,'Trembling of a Leaf, The','Maugham, William S','https://csc207-ebook-storage.s3.ca-central-1.amazonaws.com/doc_cover/2022-10-06/default-book-cover.png336321982bc14ac086aecac0992aff24',NULL,'',0,0,NULL,NULL,NULL,0,'2022-10-07 10:06:56','2022-10-14 19:53:23',NULL),(362,NULL,'Doctor on the Brain','Gordon, Richard','https://csc207-ebook-storage.s3.ca-central-1.amazonaws.com/doc_cover/2022-10-06/default-book-cover.png336321982bc14ac086aecac0992aff24',NULL,'',0,0,NULL,NULL,NULL,0,'2022-10-07 10:06:56','2022-10-14 19:53:23',NULL),(363,NULL,'Simpsons & Their Mathematical Secrets','Singh, Simon','https://csc207-ebook-storage.s3.ca-central-1.amazonaws.com/doc_cover/2022-10-06/default-book-cover.png336321982bc14ac086aecac0992aff24',NULL,'',0,0,NULL,NULL,NULL,0,'2022-10-07 10:06:56','2022-10-14 19:53:23',NULL),(364,NULL,'Pattern Classification','Duda, Hart','https://csc207-ebook-storage.s3.ca-central-1.amazonaws.com/doc_cover/2022-10-06/default-book-cover.png336321982bc14ac086aecac0992aff24',NULL,'',0,0,NULL,NULL,NULL,0,'2022-10-07 10:06:57','2022-10-14 19:53:23',NULL),(365,NULL,'From Beirut to Jerusalem','Friedman, Thomas','https://csc207-ebook-storage.s3.ca-central-1.amazonaws.com/doc_cover/2022-10-06/default-book-cover.png336321982bc14ac086aecac0992aff24',NULL,'',0,0,NULL,NULL,NULL,0,'2022-10-07 10:06:57','2022-10-14 19:53:23',NULL),(366,NULL,'Code Book, The','Singh, Simon','https://csc207-ebook-storage.s3.ca-central-1.amazonaws.com/doc_cover/2022-10-06/default-book-cover.png336321982bc14ac086aecac0992aff24',NULL,'',0,0,NULL,NULL,NULL,0,'2022-10-07 10:06:57','2022-10-14 19:53:23',NULL),(367,NULL,'Age of the Warrior, The','Fisk, Robert','https://csc207-ebook-storage.s3.ca-central-1.amazonaws.com/doc_cover/2022-10-06/default-book-cover.png336321982bc14ac086aecac0992aff24',NULL,'',0,0,NULL,NULL,NULL,0,'2022-10-07 10:06:57','2022-10-14 19:53:23',NULL),(368,NULL,'Final Crisis','','https://csc207-ebook-storage.s3.ca-central-1.amazonaws.com/doc_cover/2022-10-06/default-book-cover.png336321982bc14ac086aecac0992aff24',NULL,'',0,0,NULL,NULL,NULL,0,'2022-10-07 10:06:57','2022-10-14 19:53:23',NULL),(369,NULL,'Killing Joke, The','','https://csc207-ebook-storage.s3.ca-central-1.amazonaws.com/doc_cover/2022-10-06/default-book-cover.png336321982bc14ac086aecac0992aff24',NULL,'',0,0,NULL,NULL,NULL,0,'2022-10-07 10:06:57','2022-10-14 19:53:23',NULL),(370,NULL,'Flashpoint','','https://csc207-ebook-storage.s3.ca-central-1.amazonaws.com/doc_cover/2022-10-06/default-book-cover.png336321982bc14ac086aecac0992aff24',NULL,'',0,0,NULL,NULL,NULL,0,'2022-10-07 10:06:57','2022-10-14 19:53:23',NULL),(371,NULL,'Batman Earth One','','https://csc207-ebook-storage.s3.ca-central-1.amazonaws.com/doc_cover/2022-10-06/default-book-cover.png336321982bc14ac086aecac0992aff24',NULL,'',0,0,NULL,NULL,NULL,0,'2022-10-07 10:06:57','2022-10-14 19:53:23',NULL),(372,NULL,'Crisis on Infinite Earths','','https://csc207-ebook-storage.s3.ca-central-1.amazonaws.com/doc_cover/2022-10-06/default-book-cover.png336321982bc14ac086aecac0992aff24',NULL,'',0,0,NULL,NULL,NULL,0,'2022-10-07 10:06:57','2022-10-14 19:53:23',NULL),(373,NULL,'Numbers Behind Numb3rs, The','Devlin, Keith','https://csc207-ebook-storage.s3.ca-central-1.amazonaws.com/doc_cover/2022-10-06/default-book-cover.png336321982bc14ac086aecac0992aff24',NULL,'',0,0,NULL,NULL,NULL,0,'2022-10-07 10:06:57','2022-10-14 19:53:23',NULL),(374,NULL,'Superman Earth One - 1','','https://csc207-ebook-storage.s3.ca-central-1.amazonaws.com/doc_cover/2022-10-06/default-book-cover.png336321982bc14ac086aecac0992aff24',NULL,'',0,0,NULL,NULL,NULL,0,'2022-10-07 10:06:57','2022-10-14 19:53:23',NULL),(375,NULL,'Superman Earth One - 2','','https://csc207-ebook-storage.s3.ca-central-1.amazonaws.com/doc_cover/2022-10-06/default-book-cover.png336321982bc14ac086aecac0992aff24',NULL,'',0,0,NULL,NULL,NULL,0,'2022-10-07 10:06:57','2022-10-14 19:53:23',NULL),(376,NULL,'Justice League: Throne of Atlantis','','https://csc207-ebook-storage.s3.ca-central-1.amazonaws.com/doc_cover/2022-10-06/default-book-cover.png336321982bc14ac086aecac0992aff24',NULL,'',0,0,NULL,NULL,NULL,0,'2022-10-07 10:06:57','2022-10-14 19:53:23',NULL),(377,NULL,'Justice League: The Villain\'s Journey','','https://csc207-ebook-storage.s3.ca-central-1.amazonaws.com/doc_cover/2022-10-06/default-book-cover.png336321982bc14ac086aecac0992aff24',NULL,'',0,0,NULL,NULL,NULL,0,'2022-10-07 10:06:57','2022-10-14 19:53:23',NULL),(378,NULL,'Death of Superman, The','','https://csc207-ebook-storage.s3.ca-central-1.amazonaws.com/doc_cover/2022-10-06/default-book-cover.png336321982bc14ac086aecac0992aff24',NULL,'',0,0,NULL,NULL,NULL,0,'2022-10-07 10:06:57','2022-10-14 19:53:23',NULL),(379,NULL,'History of the DC Universe','','https://csc207-ebook-storage.s3.ca-central-1.amazonaws.com/doc_cover/2022-10-06/default-book-cover.png336321982bc14ac086aecac0992aff24',NULL,'',0,0,NULL,NULL,NULL,0,'2022-10-07 10:06:57','2022-10-14 19:53:23',NULL),(380,NULL,'Batman: The Long Halloween','','https://csc207-ebook-storage.s3.ca-central-1.amazonaws.com/doc_cover/2022-10-06/default-book-cover.png336321982bc14ac086aecac0992aff24',NULL,'',0,0,NULL,NULL,NULL,0,'2022-10-07 10:06:57','2022-10-14 19:53:23',NULL),(381,NULL,'Life in Letters, A','Steinbeck, John','https://csc207-ebook-storage.s3.ca-central-1.amazonaws.com/doc_cover/2022-10-06/default-book-cover.png336321982bc14ac086aecac0992aff24',NULL,'',0,0,NULL,NULL,NULL,0,'2022-10-07 10:06:57','2022-10-14 19:53:23',NULL),(382,NULL,'Information, The','Gleick, James','https://csc207-ebook-storage.s3.ca-central-1.amazonaws.com/doc_cover/2022-10-06/default-book-cover.png336321982bc14ac086aecac0992aff24',NULL,'',0,0,NULL,NULL,NULL,0,'2022-10-07 10:06:57','2022-10-14 19:53:23',NULL),(383,NULL,'Journal of Economics, vol 106 No 3','','https://csc207-ebook-storage.s3.ca-central-1.amazonaws.com/doc_cover/2022-10-06/default-book-cover.png336321982bc14ac086aecac0992aff24',NULL,'',0,0,NULL,NULL,NULL,0,'2022-10-07 10:06:57','2022-10-14 19:53:23',NULL),(384,NULL,'Elements of Information Theory','Thomas, Joy','https://csc207-ebook-storage.s3.ca-central-1.amazonaws.com/doc_cover/2022-10-06/default-book-cover.png336321982bc14ac086aecac0992aff24',NULL,'',0,0,NULL,NULL,NULL,0,'2022-10-07 10:06:57','2022-10-14 19:53:23',NULL),(385,NULL,'Power Electronics - Rashid','Rashid, Muhammad','https://csc207-ebook-storage.s3.ca-central-1.amazonaws.com/doc_cover/2022-10-06/default-book-cover.png336321982bc14ac086aecac0992aff24',NULL,'',0,0,NULL,NULL,NULL,0,'2022-10-07 10:06:57','2022-10-14 19:53:23',NULL),(386,NULL,'Power Electronics - Mohan','Mohan, Ned','https://csc207-ebook-storage.s3.ca-central-1.amazonaws.com/doc_cover/2022-10-06/default-book-cover.png336321982bc14ac086aecac0992aff24',NULL,'',0,0,NULL,NULL,NULL,0,'2022-10-07 10:06:57','2022-10-14 19:53:23',NULL),(387,NULL,'Neural Networks','Haykin, Simon','https://csc207-ebook-storage.s3.ca-central-1.amazonaws.com/doc_cover/2022-10-06/default-book-cover.png336321982bc14ac086aecac0992aff24',NULL,'',0,0,NULL,NULL,NULL,0,'2022-10-07 10:06:57','2022-10-14 19:53:23',NULL),(388,NULL,'Grapes of Wrath, The','Steinbeck, John','https://csc207-ebook-storage.s3.ca-central-1.amazonaws.com/doc_cover/2022-10-06/default-book-cover.png336321982bc14ac086aecac0992aff24',NULL,'',0,0,NULL,NULL,NULL,0,'2022-10-07 10:06:57','2022-10-14 19:53:23',NULL),(389,NULL,'Vyakti ani Valli','Deshpande, P L','https://csc207-ebook-storage.s3.ca-central-1.amazonaws.com/doc_cover/2022-10-06/default-book-cover.png336321982bc14ac086aecac0992aff24',NULL,'',0,0,NULL,NULL,NULL,0,'2022-10-07 10:06:57','2022-10-14 19:53:23',NULL),(390,NULL,'Statistical Learning Theory','Vapnik, Vladimir','https://csc207-ebook-storage.s3.ca-central-1.amazonaws.com/doc_cover/2022-10-06/default-book-cover.png336321982bc14ac086aecac0992aff24',NULL,'',0,0,NULL,NULL,NULL,0,'2022-10-07 10:06:57','2022-10-14 19:53:24',NULL),(391,NULL,'Empire of the Mughal - The Tainted Throne','Rutherford, Alex','https://csc207-ebook-storage.s3.ca-central-1.amazonaws.com/doc_cover/2022-10-06/default-book-cover.png336321982bc14ac086aecac0992aff24',NULL,'',0,0,NULL,NULL,NULL,0,'2022-10-07 10:06:57','2022-10-14 19:53:24',NULL),(392,NULL,'Empire of the Mughal - Brothers at War','Rutherford, Alex','https://csc207-ebook-storage.s3.ca-central-1.amazonaws.com/doc_cover/2022-10-06/default-book-cover.png336321982bc14ac086aecac0992aff24',NULL,'',0,0,NULL,NULL,NULL,0,'2022-10-07 10:06:57','2022-10-14 19:53:24',NULL),(393,NULL,'Empire of the Mughal - Ruler of the World','Rutherford, Alex','https://csc207-ebook-storage.s3.ca-central-1.amazonaws.com/doc_cover/2022-10-06/default-book-cover.png336321982bc14ac086aecac0992aff24',NULL,'',0,0,NULL,NULL,NULL,0,'2022-10-07 10:06:57','2022-10-14 19:53:24',NULL),(394,NULL,'Empire of the Mughal - The Serpent\'s Tooth','Rutherford, Alex','https://csc207-ebook-storage.s3.ca-central-1.amazonaws.com/doc_cover/2022-10-06/default-book-cover.png336321982bc14ac086aecac0992aff24',NULL,'',0,0,NULL,NULL,NULL,0,'2022-10-07 10:06:57','2022-10-14 19:53:24',NULL),(395,NULL,'Empire of the Mughal - Raiders from the North','Rutherford, Alex','https://csc207-ebook-storage.s3.ca-central-1.amazonaws.com/doc_cover/2022-10-06/default-book-cover.png336321982bc14ac086aecac0992aff24',NULL,'',0,0,NULL,NULL,NULL,0,'2022-10-07 10:06:57','2022-10-14 19:53:24',NULL),(396,NULL,'Mossad','Baz-Zohar, Michael','https://csc207-ebook-storage.s3.ca-central-1.amazonaws.com/doc_cover/2022-10-06/default-book-cover.png336321982bc14ac086aecac0992aff24',NULL,'',0,0,NULL,NULL,NULL,0,'2022-10-07 10:06:57','2022-10-14 19:53:24',NULL),(397,NULL,'Jim Corbett Omnibus','Corbett, Jim','https://csc207-ebook-storage.s3.ca-central-1.amazonaws.com/doc_cover/2022-10-06/default-book-cover.png336321982bc14ac086aecac0992aff24',NULL,'',0,0,NULL,NULL,NULL,0,'2022-10-07 10:06:57','2022-10-14 19:53:24',NULL),(398,NULL,'20000 Leagues Under the Sea','Verne, Jules','https://csc207-ebook-storage.s3.ca-central-1.amazonaws.com/doc_cover/2022-10-06/default-book-cover.png336321982bc14ac086aecac0992aff24',NULL,'',0,0,NULL,NULL,NULL,0,'2022-10-07 10:06:57','2022-10-14 19:53:24',NULL),(399,NULL,'Batatyachi Chal','Deshpande P L','https://csc207-ebook-storage.s3.ca-central-1.amazonaws.com/doc_cover/2022-10-06/default-book-cover.png336321982bc14ac086aecac0992aff24',NULL,'',0,0,NULL,NULL,NULL,0,'2022-10-07 10:06:57','2022-10-14 19:53:24',NULL),(400,NULL,'Hafasavnuk','Deshpande P L','https://csc207-ebook-storage.s3.ca-central-1.amazonaws.com/doc_cover/2022-10-06/default-book-cover.png336321982bc14ac086aecac0992aff24',NULL,'',0,0,NULL,NULL,NULL,0,'2022-10-07 10:06:57','2022-10-14 19:53:24',NULL),(401,NULL,'Urlasurla','Deshpande P L','https://csc207-ebook-storage.s3.ca-central-1.amazonaws.com/doc_cover/2022-10-06/default-book-cover.png336321982bc14ac086aecac0992aff24',NULL,'',0,0,NULL,NULL,NULL,0,'2022-10-07 10:06:57','2022-10-14 19:53:24',NULL),(402,NULL,'Pointers in C','Kanetkar, Yashwant','https://csc207-ebook-storage.s3.ca-central-1.amazonaws.com/doc_cover/2022-10-06/default-book-cover.png336321982bc14ac086aecac0992aff24',NULL,'',0,0,NULL,NULL,NULL,0,'2022-10-07 10:06:57','2022-10-14 19:53:24',NULL),(403,NULL,'Cathedral and the Bazaar, The','Raymond, Eric','https://csc207-ebook-storage.s3.ca-central-1.amazonaws.com/doc_cover/2022-10-06/default-book-cover.png336321982bc14ac086aecac0992aff24',NULL,'',0,0,NULL,NULL,NULL,0,'2022-10-07 10:06:57','2022-10-14 19:53:24',NULL),(404,NULL,'Design with OpAmps','Franco, Sergio','https://csc207-ebook-storage.s3.ca-central-1.amazonaws.com/doc_cover/2022-10-06/default-book-cover.png336321982bc14ac086aecac0992aff24',NULL,'',0,0,NULL,NULL,NULL,0,'2022-10-07 10:06:57','2022-10-14 19:53:24',NULL),(405,NULL,'Think Complexity','Downey, Allen','https://csc207-ebook-storage.s3.ca-central-1.amazonaws.com/doc_cover/2022-10-06/default-book-cover.png336321982bc14ac086aecac0992aff24',NULL,'',0,0,NULL,NULL,NULL,0,'2022-10-07 10:06:57','2022-10-14 19:53:24',NULL),(406,NULL,'Devil\'s Advocate, The','West, Morris','https://csc207-ebook-storage.s3.ca-central-1.amazonaws.com/doc_cover/2022-10-06/default-book-cover.png336321982bc14ac086aecac0992aff24',NULL,'',0,0,NULL,NULL,NULL,0,'2022-10-07 10:06:57','2022-10-14 19:53:24',NULL),(407,NULL,'Ayn Rand Answers','Rand, Ayn','https://csc207-ebook-storage.s3.ca-central-1.amazonaws.com/doc_cover/2022-10-06/default-book-cover.png336321982bc14ac086aecac0992aff24',NULL,'',0,0,NULL,NULL,NULL,0,'2022-10-07 10:06:57','2022-10-14 19:53:24',NULL),(408,NULL,'Philosophy: Who Needs It','Rand, Ayn','https://csc207-ebook-storage.s3.ca-central-1.amazonaws.com/doc_cover/2022-10-06/default-book-cover.png336321982bc14ac086aecac0992aff24',NULL,'',0,0,NULL,NULL,NULL,0,'2022-10-07 10:06:57','2022-10-14 19:53:24',NULL),(409,NULL,'World\'s Great Thinkers, The','','https://csc207-ebook-storage.s3.ca-central-1.amazonaws.com/doc_cover/2022-10-06/default-book-cover.png336321982bc14ac086aecac0992aff24',NULL,'',0,0,NULL,NULL,NULL,0,'2022-10-07 10:06:57','2022-10-14 19:53:24',NULL),(410,NULL,'Data Analysis with Open Source Tools','Janert, Phillip','https://csc207-ebook-storage.s3.ca-central-1.amazonaws.com/doc_cover/2022-10-06/default-book-cover.png336321982bc14ac086aecac0992aff24',NULL,'',0,0,NULL,NULL,NULL,0,'2022-10-07 10:06:57','2022-10-14 19:53:24',NULL),(411,NULL,'Broca\'s Brain','Sagan, Carl','https://csc207-ebook-storage.s3.ca-central-1.amazonaws.com/doc_cover/2022-10-06/default-book-cover.png336321982bc14ac086aecac0992aff24',NULL,'',0,0,NULL,NULL,NULL,0,'2022-10-07 10:06:57','2022-10-14 19:53:24',NULL),(412,NULL,'Men of Mathematics','Bell, E T','https://csc207-ebook-storage.s3.ca-central-1.amazonaws.com/doc_cover/2022-10-06/default-book-cover.png336321982bc14ac086aecac0992aff24',NULL,'',0,0,NULL,NULL,NULL,0,'2022-10-07 10:06:57','2022-10-14 19:53:24',NULL),(413,NULL,'Oxford book of Modern Science Writing','Dawkins, Richard','https://csc207-ebook-storage.s3.ca-central-1.amazonaws.com/doc_cover/2022-10-06/default-book-cover.png336321982bc14ac086aecac0992aff24',NULL,'',0,0,NULL,NULL,NULL,0,'2022-10-07 10:06:57','2022-10-14 19:53:24',NULL),(414,NULL,'Justice, Judiciary and Democracy','Ranjan, Sudhanshu','https://csc207-ebook-storage.s3.ca-central-1.amazonaws.com/doc_cover/2022-10-06/default-book-cover.png336321982bc14ac086aecac0992aff24',NULL,'',0,0,NULL,NULL,NULL,0,'2022-10-07 10:06:57','2022-10-14 19:53:24',NULL),(415,NULL,'Arthashastra, The','Kautiyla','https://csc207-ebook-storage.s3.ca-central-1.amazonaws.com/doc_cover/2022-10-06/default-book-cover.png336321982bc14ac086aecac0992aff24',NULL,'',0,0,NULL,NULL,NULL,0,'2022-10-07 10:06:57','2022-10-14 19:53:24',NULL),(416,NULL,'We the People','Palkhivala','https://csc207-ebook-storage.s3.ca-central-1.amazonaws.com/doc_cover/2022-10-06/default-book-cover.png336321982bc14ac086aecac0992aff24',NULL,'',0,0,NULL,NULL,NULL,0,'2022-10-07 10:06:57','2022-10-14 19:53:24',NULL),(417,NULL,'We the Nation','Palkhivala','https://csc207-ebook-storage.s3.ca-central-1.amazonaws.com/doc_cover/2022-10-06/default-book-cover.png336321982bc14ac086aecac0992aff24',NULL,'',0,0,NULL,NULL,NULL,0,'2022-10-07 10:06:57','2022-10-14 19:53:24',NULL),(418,NULL,'Courtroom Genius, The','Sorabjee','https://csc207-ebook-storage.s3.ca-central-1.amazonaws.com/doc_cover/2022-10-06/default-book-cover.png336321982bc14ac086aecac0992aff24',NULL,'',0,0,NULL,NULL,NULL,0,'2022-10-07 10:06:57','2022-10-14 19:53:24',NULL),(419,NULL,'Dongri to Dubai','Zaidi, Hussain','https://csc207-ebook-storage.s3.ca-central-1.amazonaws.com/doc_cover/2022-10-06/default-book-cover.png336321982bc14ac086aecac0992aff24',NULL,'',0,0,NULL,NULL,NULL,0,'2022-10-07 10:06:57','2022-10-14 19:53:24',NULL),(420,NULL,'History of England, Foundation','Ackroyd, Peter','https://csc207-ebook-storage.s3.ca-central-1.amazonaws.com/doc_cover/2022-10-06/default-book-cover.png336321982bc14ac086aecac0992aff24',NULL,'',0,0,NULL,NULL,NULL,0,'2022-10-07 10:06:57','2022-10-14 19:53:24',NULL),(421,NULL,'City of Djinns','Dalrymple, William','https://csc207-ebook-storage.s3.ca-central-1.amazonaws.com/doc_cover/2022-10-06/default-book-cover.png336321982bc14ac086aecac0992aff24',NULL,'',0,0,NULL,NULL,NULL,0,'2022-10-07 10:06:57','2022-10-14 19:53:24',NULL),(422,NULL,'India\'s Legal System','Nariman','https://csc207-ebook-storage.s3.ca-central-1.amazonaws.com/doc_cover/2022-10-06/default-book-cover.png336321982bc14ac086aecac0992aff24',NULL,'',0,0,NULL,NULL,NULL,0,'2022-10-07 10:06:57','2022-10-14 19:53:24',NULL),(423,NULL,'More Tears to Cry','Sassoon, Jean','https://csc207-ebook-storage.s3.ca-central-1.amazonaws.com/doc_cover/2022-10-06/default-book-cover.png336321982bc14ac086aecac0992aff24',NULL,'',0,0,NULL,NULL,NULL,0,'2022-10-07 10:06:57','2022-10-14 19:53:24',NULL),(424,NULL,'Ropemaker, The','Dickinson, Peter','https://csc207-ebook-storage.s3.ca-central-1.amazonaws.com/doc_cover/2022-10-06/default-book-cover.png336321982bc14ac086aecac0992aff24',NULL,'',0,0,NULL,NULL,NULL,0,'2022-10-07 10:06:57','2022-10-14 19:53:24',NULL),(425,NULL,'Angels & Demons','Brown, Dan','https://csc207-ebook-storage.s3.ca-central-1.amazonaws.com/doc_cover/2022-10-06/default-book-cover.png336321982bc14ac086aecac0992aff24',NULL,'',0,0,NULL,NULL,NULL,0,'2022-10-07 10:06:57','2022-10-14 19:53:24',NULL),(426,NULL,'Judge, The','','https://csc207-ebook-storage.s3.ca-central-1.amazonaws.com/doc_cover/2022-10-06/default-book-cover.png336321982bc14ac086aecac0992aff24',NULL,'',0,0,NULL,NULL,NULL,0,'2022-10-07 10:06:57','2022-10-14 19:53:24',NULL),(427,NULL,'Attorney, The','','https://csc207-ebook-storage.s3.ca-central-1.amazonaws.com/doc_cover/2022-10-06/default-book-cover.png336321982bc14ac086aecac0992aff24',NULL,'',0,0,NULL,NULL,NULL,0,'2022-10-07 10:06:57','2022-10-14 19:53:24',NULL),(428,NULL,'Prince, The','Machiavelli','https://csc207-ebook-storage.s3.ca-central-1.amazonaws.com/doc_cover/2022-10-06/default-book-cover.png336321982bc14ac086aecac0992aff24',NULL,'',0,0,NULL,NULL,NULL,0,'2022-10-07 10:06:57','2022-10-14 19:53:24',NULL),(429,NULL,'Eyeless in Gaza','Huxley, Aldous','https://csc207-ebook-storage.s3.ca-central-1.amazonaws.com/doc_cover/2022-10-06/default-book-cover.png336321982bc14ac086aecac0992aff24',NULL,'',0,0,NULL,NULL,NULL,0,'2022-10-07 10:06:57','2022-10-14 19:53:24',NULL),(430,NULL,'Tales of Beedle the Bard','Rowling, J K','https://csc207-ebook-storage.s3.ca-central-1.amazonaws.com/doc_cover/2022-10-06/default-book-cover.png336321982bc14ac086aecac0992aff24',NULL,'',0,0,NULL,NULL,NULL,0,'2022-10-07 10:06:57','2022-10-14 19:53:24',NULL),(431,NULL,'Girl with the Dragon Tattoo','Larsson, Steig','https://csc207-ebook-storage.s3.ca-central-1.amazonaws.com/doc_cover/2022-10-06/default-book-cover.png336321982bc14ac086aecac0992aff24',NULL,'',0,0,NULL,NULL,NULL,0,'2022-10-07 10:06:57','2022-10-14 19:53:24',NULL),(432,NULL,'Girl who kicked the Hornet\'s Nest','Larsson, Steig','https://csc207-ebook-storage.s3.ca-central-1.amazonaws.com/doc_cover/2022-10-06/default-book-cover.png336321982bc14ac086aecac0992aff24',NULL,'',0,0,NULL,NULL,NULL,0,'2022-10-07 10:06:57','2022-10-14 19:53:24',NULL),(433,NULL,'Girl who played with Fire','Larsson, Steig','https://csc207-ebook-storage.s3.ca-central-1.amazonaws.com/doc_cover/2022-10-06/default-book-cover.png336321982bc14ac086aecac0992aff24',NULL,'',0,0,NULL,NULL,NULL,0,'2022-10-07 10:06:57','2022-10-14 19:53:24',NULL),(434,NULL,'Batman Handbook','','https://csc207-ebook-storage.s3.ca-central-1.amazonaws.com/doc_cover/2022-10-06/default-book-cover.png336321982bc14ac086aecac0992aff24',NULL,'',0,0,NULL,NULL,NULL,0,'2022-10-07 10:06:57','2022-10-14 19:53:24',NULL),(435,NULL,'Murphy\'s Law','','https://csc207-ebook-storage.s3.ca-central-1.amazonaws.com/doc_cover/2022-10-06/default-book-cover.png336321982bc14ac086aecac0992aff24',NULL,'',0,0,NULL,NULL,NULL,0,'2022-10-07 10:06:57','2022-10-14 19:53:24',NULL),(436,NULL,'Structure and Randomness','Tao, Terence','https://csc207-ebook-storage.s3.ca-central-1.amazonaws.com/doc_cover/2022-10-06/default-book-cover.png336321982bc14ac086aecac0992aff24',NULL,'',0,0,NULL,NULL,NULL,0,'2022-10-07 10:06:57','2022-10-14 19:53:24',NULL),(437,NULL,'Image Processing with MATLAB','Eddins, Steve','https://csc207-ebook-storage.s3.ca-central-1.amazonaws.com/doc_cover/2022-10-06/default-book-cover.png336321982bc14ac086aecac0992aff24',NULL,'',0,0,NULL,NULL,NULL,0,'2022-10-07 10:06:57','2022-10-14 19:53:24',NULL),(438,NULL,'Animal Farm','Orwell, George','https://csc207-ebook-storage.s3.ca-central-1.amazonaws.com/doc_cover/2022-10-06/default-book-cover.png336321982bc14ac086aecac0992aff24',NULL,'',0,0,NULL,NULL,NULL,0,'2022-10-07 10:06:57','2022-10-14 19:53:24',NULL),(439,NULL,'Idiot, The','Dostoevsky, Fyodor','https://csc207-ebook-storage.s3.ca-central-1.amazonaws.com/doc_cover/2022-10-06/default-book-cover.png336321982bc14ac086aecac0992aff24',NULL,'',0,0,NULL,NULL,NULL,0,'2022-10-07 10:06:57','2022-10-14 19:53:24',NULL),(440,NULL,'Christmas Carol, A','Dickens, Charles','https://csc207-ebook-storage.s3.ca-central-1.amazonaws.com/doc_cover/2022-10-06/default-book-cover.png336321982bc14ac086aecac0992aff24',NULL,'',0,0,NULL,NULL,NULL,0,'2022-10-07 10:06:57','2022-10-14 19:53:24',NULL),(476,'1','test3','cliffe','','',NULL,0,0,'test3','','',2,'2022-11-19 01:17:05','2022-11-19 02:56:53',NULL);
/*!40000 ALTER TABLE `book` ENABLE KEYS */;
UNLOCK TABLES;
/*!40103 SET TIME_ZONE=@OLD_TIME_ZONE */;

/*!40101 SET SQL_MODE=@OLD_SQL_MODE */;
/*!40014 SET FOREIGN_KEY_CHECKS=@OLD_FOREIGN_KEY_CHECKS */;
/*!40014 SET UNIQUE_CHECKS=@OLD_UNIQUE_CHECKS */;
/*!40101 SET CHARACTER_SET_CLIENT=@OLD_CHARACTER_SET_CLIENT */;
/*!40101 SET CHARACTER_SET_RESULTS=@OLD_CHARACTER_SET_RESULTS */;
/*!40101 SET COLLATION_CONNECTION=@OLD_COLLATION_CONNECTION */;
/*!40111 SET SQL_NOTES=@OLD_SQL_NOTES */;

-- Dump completed on 2022-11-21 13:17:22
-- MySQL dump 10.13  Distrib 8.0.20, for macos10.15 (x86_64)
--
-- Host: 127.0.0.1    Database: ebook
-- ------------------------------------------------------
-- Server version	8.0.23

/*!40101 SET @OLD_CHARACTER_SET_CLIENT=@@CHARACTER_SET_CLIENT */;
/*!40101 SET @OLD_CHARACTER_SET_RESULTS=@@CHARACTER_SET_RESULTS */;
/*!40101 SET @OLD_COLLATION_CONNECTION=@@COLLATION_CONNECTION */;
/*!50503 SET NAMES utf8 */;
/*!40103 SET @OLD_TIME_ZONE=@@TIME_ZONE */;
/*!40103 SET TIME_ZONE='+00:00' */;
/*!40014 SET @OLD_UNIQUE_CHECKS=@@UNIQUE_CHECKS, UNIQUE_CHECKS=0 */;
/*!40014 SET @OLD_FOREIGN_KEY_CHECKS=@@FOREIGN_KEY_CHECKS, FOREIGN_KEY_CHECKS=0 */;
/*!40101 SET @OLD_SQL_MODE=@@SQL_MODE, SQL_MODE='NO_AUTO_VALUE_ON_ZERO' */;
/*!40111 SET @OLD_SQL_NOTES=@@SQL_NOTES, SQL_NOTES=0 */;

--
-- Table structure for table `book_section`
--

DROP TABLE IF EXISTS `book_section`;
/*!40101 SET @saved_cs_client     = @@character_set_client */;
/*!50503 SET character_set_client = utf8mb4 */;
CREATE TABLE `book_section` (
  `id` bigint NOT NULL AUTO_INCREMENT,
  `book_id` bigint DEFAULT NULL,
  `section_id` bigint DEFAULT NULL,
  `is_deleted` tinyint(1) DEFAULT '0' COMMENT '0: normal\n1: deleted',
  PRIMARY KEY (`id`)
) ENGINE=InnoDB AUTO_INCREMENT=916 DEFAULT CHARSET=utf8;
/*!40101 SET character_set_client = @saved_cs_client */;

--
-- Dumping data for table `book_section`
--

LOCK TABLES `book_section` WRITE;
/*!40000 ALTER TABLE `book_section` DISABLE KEYS */;
INSERT INTO `book_section` VALUES (458,230,44,0),(459,230,43,0),(460,231,45,0),(461,231,43,0),(462,232,46,0),(463,232,43,0),(464,233,48,0),(465,233,47,0),(466,234,50,0),(467,234,49,0),(468,235,45,0),(469,235,43,0),(470,236,50,0),(471,236,49,0),(472,237,46,0),(473,237,47,0),(474,238,44,0),(475,238,43,0),(476,239,51,0),(477,239,49,0),(478,240,45,0),(479,240,43,0),(480,241,53,0),(481,241,52,0),(482,242,46,0),(483,242,47,0),(484,243,54,0),(485,243,43,0),(486,244,50,0),(487,244,49,0),(488,245,53,0),(489,245,52,0),(490,246,45,0),(491,246,43,0),(492,247,45,0),(493,247,43,0),(494,248,55,0),(495,248,52,0),(496,249,47,0),(497,249,56,0),(498,250,54,0),(499,250,43,0),(500,251,46,0),(501,251,43,0),(502,252,45,0),(503,252,43,0),(504,253,45,0),(505,253,43,0),(506,254,45,0),(507,254,43,0),(508,255,54,0),(509,255,43,0),(510,256,50,0),(511,256,49,0),(512,257,53,0),(513,257,52,0),(514,258,53,0),(515,258,52,0),(516,259,53,0),(517,259,52,0),(518,260,48,0),(519,260,47,0),(520,261,55,0),(521,261,52,0),(522,262,57,0),(523,262,49,0),(524,263,58,0),(525,263,47,0),(526,264,58,0),(527,264,47,0),(528,265,53,0),(529,265,52,0),(530,266,55,0),(531,266,52,0),(532,267,55,0),(533,267,52,0),(534,268,57,0),(535,268,49,0),(536,269,59,0),(537,269,56,0),(538,270,55,0),(539,270,52,0),(540,271,50,0),(541,271,49,0),(542,272,53,0),(543,272,52,0),(544,273,48,0),(545,273,47,0),(546,274,58,0),(547,274,47,0),(548,275,50,0),(549,275,56,0),(550,276,55,0),(551,276,52,0),(552,277,53,0),(553,277,52,0),(554,278,50,0),(555,278,49,0),(556,279,53,0),(557,279,52,0),(558,280,55,0),(559,280,52,0),(560,281,55,0),(561,281,52,0),(562,282,53,0),(563,282,52,0),(564,283,60,0),(565,283,49,0),(566,284,57,0),(567,284,49,0),(568,285,45,0),(569,285,43,0),(570,286,48,0),(571,286,43,0),(572,287,48,0),(573,287,43,0),(574,288,44,0),(575,288,43,0),(576,289,54,0),(577,289,43,0),(578,290,44,0),(579,290,43,0),(580,291,44,0),(581,291,43,0),(582,292,54,0),(583,292,43,0),(584,293,55,0),(585,293,52,0),(586,294,53,0),(587,294,52,0),(588,295,55,0),(589,295,52,0),(590,296,50,0),(591,296,49,0),(592,297,55,0),(593,297,52,0),(594,298,48,0),(595,298,56,0),(596,299,55,0),(597,299,52,0),(598,300,50,0),(599,300,49,0),(600,301,55,0),(601,301,52,0),(602,302,50,0),(603,302,49,0),(604,303,57,0),(605,303,49,0),(606,304,50,0),(607,304,49,0),(608,305,48,0),(609,305,43,0),(610,306,61,0),(611,306,49,0),(612,307,61,0),(613,307,49,0),(614,308,61,0),(615,308,49,0),(616,309,62,0),(617,309,49,0),(618,310,63,0),(619,310,56,0),(620,311,61,0),(621,311,49,0),(622,312,50,0),(623,312,49,0),(624,313,50,0),(625,313,49,0),(626,314,55,0),(627,314,52,0),(628,315,50,0),(629,315,49,0),(630,316,55,0),(631,316,52,0),(632,317,50,0),(633,317,49,0),(634,318,53,0),(635,318,52,0),(636,319,63,0),(637,319,56,0),(638,320,51,0),(639,320,49,0),(640,321,50,0),(641,321,49,0),(642,322,55,0),(643,322,52,0),(644,323,58,0),(645,323,47,0),(646,324,48,0),(647,324,47,0),(648,325,58,0),(649,325,47,0),(650,326,53,0),(651,326,52,0),(652,327,53,0),(653,327,52,0),(654,328,48,0),(655,328,49,0),(656,329,55,0),(657,329,52,0),(658,330,57,0),(659,330,49,0),(660,331,56,0),(661,331,56,0),(662,332,50,0),(663,332,49,0),(664,333,53,0),(665,333,52,0),(666,334,57,0),(667,334,49,0),(668,335,53,0),(669,335,52,0),(670,336,53,0),(671,336,52,0),(672,337,53,0),(673,337,52,0),(674,338,57,0),(675,338,56,0),(676,339,50,0),(677,339,49,0),(678,340,55,0),(679,340,52,0),(680,341,46,0),(681,341,47,0),(682,342,56,0),(683,342,56,0),(684,343,53,0),(685,343,52,0),(686,344,48,0),(687,344,47,0),(688,345,50,0),(689,345,49,0),(690,346,64,0),(691,346,49,0),(692,347,57,0),(693,347,49,0),(694,348,57,0),(695,348,49,0),(696,349,53,0),(697,349,52,0),(698,350,55,0),(699,350,52,0),(700,351,50,0),(701,351,49,0),(702,352,61,0),(703,352,49,0),(704,353,56,0),(705,353,56,0),(706,354,55,0),(707,354,52,0),(708,355,50,0),(709,355,49,0),(710,356,61,0),(711,356,49,0),(712,357,55,0),(713,357,52,0),(714,358,53,0),(715,358,52,0),(716,359,65,0),(717,359,56,0),(718,360,50,0),(719,360,49,0),(720,361,55,0),(721,361,52,0),(722,362,55,0),(723,362,52,0),(724,363,46,0),(725,363,47,0),(726,364,45,0),(727,364,43,0),(728,365,50,0),(729,365,49,0),(730,366,46,0),(731,366,47,0),(732,367,50,0),(733,367,49,0),(734,368,66,0),(735,368,52,0),(736,369,66,0),(737,369,52,0),(738,370,66,0),(739,370,52,0),(740,371,66,0),(741,371,52,0),(742,372,66,0),(743,372,52,0),(744,373,46,0),(745,373,47,0),(746,374,66,0),(747,374,52,0),(748,375,66,0),(749,375,52,0),(750,376,66,0),(751,376,52,0),(752,377,66,0),(753,377,52,0),(754,378,66,0),(755,378,52,0),(756,379,66,0),(757,379,52,0),(758,380,66,0),(759,380,52,0),(760,381,57,0),(761,381,49,0),(762,382,46,0),(763,382,47,0),(764,383,48,0),(765,383,47,0),(766,384,44,0),(767,384,43,0),(768,385,54,0),(769,385,43,0),(770,386,54,0),(771,386,43,0),(772,387,45,0),(773,387,43,0),(774,388,53,0),(775,388,52,0),(776,389,61,0),(777,389,49,0),(778,390,45,0),(779,390,43,0),(780,391,50,0),(781,391,49,0),(782,392,50,0),(783,392,49,0),(784,393,50,0),(785,393,49,0),(786,394,50,0),(787,394,49,0),(788,395,50,0),(789,395,49,0),(790,396,50,0),(791,396,49,0),(792,397,50,0),(793,397,49,0),(794,398,55,0),(795,398,52,0),(796,399,55,0),(797,399,52,0),(798,400,55,0),(799,400,52,0),(800,401,55,0),(801,401,52,0),(802,402,54,0),(803,402,43,0),(804,403,54,0),(805,403,43,0),(806,404,54,0),(807,404,43,0),(808,405,45,0),(809,405,43,0),(810,406,55,0),(811,406,52,0),(812,407,59,0),(813,407,56,0),(814,408,59,0),(815,408,56,0),(816,409,58,0),(817,409,47,0),(818,410,45,0),(819,410,43,0),(820,411,58,0),(821,411,47,0),(822,412,46,0),(823,412,47,0),(824,413,47,0),(825,413,47,0),(826,414,67,0),(827,414,49,0),(828,415,56,0),(829,415,56,0),(830,416,56,0),(831,416,56,0),(832,417,56,0),(833,417,56,0),(834,418,57,0),(835,418,49,0),(836,419,50,0),(837,419,49,0),(838,420,50,0),(839,420,49,0),(840,421,50,0),(841,421,49,0),(842,422,67,0),(843,422,49,0),(844,423,55,0),(845,423,52,0),(846,424,55,0),(847,424,52,0),(848,425,55,0),(849,425,52,0),(850,426,55,0),(851,426,52,0),(852,427,55,0),(853,427,52,0),(854,428,53,0),(855,428,52,0),(856,429,55,0),(857,429,52,0),(858,430,55,0),(859,430,52,0),(860,431,55,0),(861,431,52,0),(862,432,55,0),(863,432,52,0),(864,433,55,0),(865,433,52,0),(866,434,66,0),(867,434,52,0),(868,435,51,0),(869,435,56,0),(870,436,46,0),(871,436,47,0),(872,437,44,0),(873,437,43,0),(874,438,53,0),(875,438,52,0),(876,439,53,0),(877,439,52,0),(878,440,53,0),(879,440,52,0),(890,469,43,0),(891,469,44,0),(892,470,43,0),(893,470,44,0),(894,471,43,0),(895,471,44,0),(896,472,43,0),(897,472,44,0),(898,473,43,0),(899,473,44,0),(900,474,43,0),(901,474,44,0),(902,475,43,0),(903,475,44,0),(904,476,43,0),(905,476,44,0),(906,477,43,0),(907,477,44,0),(908,477,45,0),(909,477,46,0),(910,478,43,0),(911,478,44,0),(912,479,43,0),(913,479,44,0),(914,480,43,0),(915,480,44,0);
/*!40000 ALTER TABLE `book_section` ENABLE KEYS */;
UNLOCK TABLES;
/*!40103 SET TIME_ZONE=@OLD_TIME_ZONE */;

/*!40101 SET SQL_MODE=@OLD_SQL_MODE */;
/*!40014 SET FOREIGN_KEY_CHECKS=@OLD_FOREIGN_KEY_CHECKS */;
/*!40014 SET UNIQUE_CHECKS=@OLD_UNIQUE_CHECKS */;
/*!40101 SET CHARACTER_SET_CLIENT=@OLD_CHARACTER_SET_CLIENT */;
/*!40101 SET CHARACTER_SET_RESULTS=@OLD_CHARACTER_SET_RESULTS */;
/*!40101 SET COLLATION_CONNECTION=@OLD_COLLATION_CONNECTION */;
/*!40111 SET SQL_NOTES=@OLD_SQL_NOTES */;

-- Dump completed on 2022-11-21 13:17:21
-- MySQL dump 10.13  Distrib 8.0.20, for macos10.15 (x86_64)
--
-- Host: 127.0.0.1    Database: ebook
-- ------------------------------------------------------
-- Server version	8.0.23

/*!40101 SET @OLD_CHARACTER_SET_CLIENT=@@CHARACTER_SET_CLIENT */;
/*!40101 SET @OLD_CHARACTER_SET_RESULTS=@@CHARACTER_SET_RESULTS */;
/*!40101 SET @OLD_COLLATION_CONNECTION=@@COLLATION_CONNECTION */;
/*!50503 SET NAMES utf8 */;
/*!40103 SET @OLD_TIME_ZONE=@@TIME_ZONE */;
/*!40103 SET TIME_ZONE='+00:00' */;
/*!40014 SET @OLD_UNIQUE_CHECKS=@@UNIQUE_CHECKS, UNIQUE_CHECKS=0 */;
/*!40014 SET @OLD_FOREIGN_KEY_CHECKS=@@FOREIGN_KEY_CHECKS, FOREIGN_KEY_CHECKS=0 */;
/*!40101 SET @OLD_SQL_MODE=@@SQL_MODE, SQL_MODE='NO_AUTO_VALUE_ON_ZERO' */;
/*!40111 SET @OLD_SQL_NOTES=@@SQL_NOTES, SQL_NOTES=0 */;

--
-- Table structure for table `comment`
--

DROP TABLE IF EXISTS `comment`;
/*!40101 SET @saved_cs_client     = @@character_set_client */;
/*!50503 SET character_set_client = utf8mb4 */;
CREATE TABLE `comment` (
  `id` varchar(255) NOT NULL,
  `pid` varchar(100) DEFAULT NULL,
  `book_id` bigint NOT NULL,
  `user_id` bigint NOT NULL,
  `reply_to_id` bigint DEFAULT NULL,
  `nickname` varchar(45) DEFAULT NULL,
  `avatar` varchar(255) DEFAULT NULL,
  `content` text,
  `create_time` datetime DEFAULT NULL,
  PRIMARY KEY (`id`),
  UNIQUE KEY `id_UNIQUE` (`id`)
) ENGINE=InnoDB DEFAULT CHARSET=utf8;
/*!40101 SET character_set_client = @saved_cs_client */;

--
-- Dumping data for table `comment`
--

LOCK TABLES `comment` WRITE;
/*!40000 ALTER TABLE `comment` DISABLE KEYS */;
INSERT INTO `comment` VALUES ('1e56665b83180e56715edfc523e24958','e647063325600a33f5205ee92244fb4b',230,6,7,'yuhan',NULL,'hi','2022-11-18 23:14:22'),('91d935d1972a83e53d324d30b0aa310a','dc4209ba939d2c443b502cd1e7c75e1e',230,7,108,'cliffe','https://csc207-ebook-storage.s3.ca-central-1.amazonaws.com/default.png','hello','2022-10-23 23:21:07'),('cde7a43a1f707527647b386d4e9cb225','f782e5db0924f6e946731b79794fed83',230,7,108,'cliffe','https://csc207-ebook-storage.s3.ca-central-1.amazonaws.com/default.png','hi from cliffe','2022-10-23 23:34:38'),('dc4209ba939d2c443b502cd1e7c75e1e','-1',230,108,0,'Katrinka Sivier','https://csc207-ebook-storage.s3.ca-central-1.amazonaws.com/default.png','hi','2022-10-23 23:05:10'),('e647063325600a33f5205ee92244fb4b','f834890db129069b59ccb1eaef7aa836',230,7,108,'cliffe','https://csc207-ebook-storage.s3.ca-central-1.amazonaws.com/default.png','hiiiiii','2022-10-23 23:21:32'),('f782e5db0924f6e946731b79794fed83','-1',230,108,0,'Katrinka Sivier','https://csc207-ebook-storage.s3.ca-central-1.amazonaws.com/default.png','hi','2022-10-23 23:05:09'),('f834890db129069b59ccb1eaef7aa836','-1',230,108,0,'Katrinka Sivier','https://csc207-ebook-storage.s3.ca-central-1.amazonaws.com/default.png','hello','2022-10-23 23:05:24');
/*!40000 ALTER TABLE `comment` ENABLE KEYS */;
UNLOCK TABLES;
/*!40103 SET TIME_ZONE=@OLD_TIME_ZONE */;

/*!40101 SET SQL_MODE=@OLD_SQL_MODE */;
/*!40014 SET FOREIGN_KEY_CHECKS=@OLD_FOREIGN_KEY_CHECKS */;
/*!40014 SET UNIQUE_CHECKS=@OLD_UNIQUE_CHECKS */;
/*!40101 SET CHARACTER_SET_CLIENT=@OLD_CHARACTER_SET_CLIENT */;
/*!40101 SET CHARACTER_SET_RESULTS=@OLD_CHARACTER_SET_RESULTS */;
/*!40101 SET COLLATION_CONNECTION=@OLD_COLLATION_CONNECTION */;
/*!40111 SET SQL_NOTES=@OLD_SQL_NOTES */;

-- Dump completed on 2022-11-21 13:17:20
-- MySQL dump 10.13  Distrib 8.0.20, for macos10.15 (x86_64)
--
-- Host: 127.0.0.1    Database: ebook
-- ------------------------------------------------------
-- Server version	8.0.23

/*!40101 SET @OLD_CHARACTER_SET_CLIENT=@@CHARACTER_SET_CLIENT */;
/*!40101 SET @OLD_CHARACTER_SET_RESULTS=@@CHARACTER_SET_RESULTS */;
/*!40101 SET @OLD_COLLATION_CONNECTION=@@COLLATION_CONNECTION */;
/*!50503 SET NAMES utf8 */;
/*!40103 SET @OLD_TIME_ZONE=@@TIME_ZONE */;
/*!40103 SET TIME_ZONE='+00:00' */;
/*!40014 SET @OLD_UNIQUE_CHECKS=@@UNIQUE_CHECKS, UNIQUE_CHECKS=0 */;
/*!40014 SET @OLD_FOREIGN_KEY_CHECKS=@@FOREIGN_KEY_CHECKS, FOREIGN_KEY_CHECKS=0 */;
/*!40101 SET @OLD_SQL_MODE=@@SQL_MODE, SQL_MODE='NO_AUTO_VALUE_ON_ZERO' */;
/*!40111 SET @OLD_SQL_NOTES=@@SQL_NOTES, SQL_NOTES=0 */;

--
-- Table structure for table `order`
--

DROP TABLE IF EXISTS `order`;
/*!40101 SET @saved_cs_client     = @@character_set_client */;
/*!50503 SET character_set_client = utf8mb4 */;
CREATE TABLE `order` (
  `id` bigint NOT NULL AUTO_INCREMENT,
  `payment_id` varchar(45) DEFAULT NULL COMMENT 'Unique id for this order',
  `user_id` bigint DEFAULT NULL COMMENT 'User id',
  `product_count` int DEFAULT NULL,
  `total_price` float DEFAULT NULL COMMENT 'Total price',
  `order_status` tinyint DEFAULT '2' COMMENT '0-> to be paid; \n        1-> in process;\n        2-> Completed;\n        3-> Closed;\n        4-> Invalid order',
  `create_time` datetime DEFAULT NULL COMMENT 'Time when the order is created',
  PRIMARY KEY (`id`),
  UNIQUE KEY `id_UNIQUE` (`id`)
) ENGINE=InnoDB AUTO_INCREMENT=5 DEFAULT CHARSET=utf8;
/*!40101 SET character_set_client = @saved_cs_client */;

--
-- Dumping data for table `order`
--

LOCK TABLES `order` WRITE;
/*!40000 ALTER TABLE `order` DISABLE KEYS */;
INSERT INTO `order` VALUES (3,'PAYID-MNKDE2Y8C663278UJ454725H',7,2,31.7,2,NULL);
/*!40000 ALTER TABLE `order` ENABLE KEYS */;
UNLOCK TABLES;
/*!40103 SET TIME_ZONE=@OLD_TIME_ZONE */;

/*!40101 SET SQL_MODE=@OLD_SQL_MODE */;
/*!40014 SET FOREIGN_KEY_CHECKS=@OLD_FOREIGN_KEY_CHECKS */;
/*!40014 SET UNIQUE_CHECKS=@OLD_UNIQUE_CHECKS */;
/*!40101 SET CHARACTER_SET_CLIENT=@OLD_CHARACTER_SET_CLIENT */;
/*!40101 SET CHARACTER_SET_RESULTS=@OLD_CHARACTER_SET_RESULTS */;
/*!40101 SET COLLATION_CONNECTION=@OLD_COLLATION_CONNECTION */;
/*!40111 SET SQL_NOTES=@OLD_SQL_NOTES */;

-- Dump completed on 2022-11-21 13:17:21
-- MySQL dump 10.13  Distrib 8.0.20, for macos10.15 (x86_64)
--
-- Host: 127.0.0.1    Database: ebook
-- ------------------------------------------------------
-- Server version	8.0.23

/*!40101 SET @OLD_CHARACTER_SET_CLIENT=@@CHARACTER_SET_CLIENT */;
/*!40101 SET @OLD_CHARACTER_SET_RESULTS=@@CHARACTER_SET_RESULTS */;
/*!40101 SET @OLD_COLLATION_CONNECTION=@@COLLATION_CONNECTION */;
/*!50503 SET NAMES utf8 */;
/*!40103 SET @OLD_TIME_ZONE=@@TIME_ZONE */;
/*!40103 SET TIME_ZONE='+00:00' */;
/*!40014 SET @OLD_UNIQUE_CHECKS=@@UNIQUE_CHECKS, UNIQUE_CHECKS=0 */;
/*!40014 SET @OLD_FOREIGN_KEY_CHECKS=@@FOREIGN_KEY_CHECKS, FOREIGN_KEY_CHECKS=0 */;
/*!40101 SET @OLD_SQL_MODE=@@SQL_MODE, SQL_MODE='NO_AUTO_VALUE_ON_ZERO' */;
/*!40111 SET @OLD_SQL_NOTES=@@SQL_NOTES, SQL_NOTES=0 */;

--
-- Table structure for table `order_item`
--

DROP TABLE IF EXISTS `order_item`;
/*!40101 SET @saved_cs_client     = @@character_set_client */;
/*!50503 SET character_set_client = utf8mb4 */;
CREATE TABLE `order_item` (
  `id` bigint NOT NULL AUTO_INCREMENT,
  `order_id` bigint DEFAULT NULL,
  `user_id` bigint DEFAULT NULL,
  `book_id` bigint DEFAULT NULL,
  `title` varchar(45) DEFAULT NULL,
  `author` varchar(45) DEFAULT NULL,
  `cover` varchar(255) DEFAULT NULL,
  PRIMARY KEY (`id`),
  UNIQUE KEY `id_UNIQUE` (`id`)
) ENGINE=InnoDB AUTO_INCREMENT=232 DEFAULT CHARSET=utf8;
/*!40101 SET character_set_client = @saved_cs_client */;

--
-- Dumping data for table `order_item`
--

LOCK TABLES `order_item` WRITE;
/*!40000 ALTER TABLE `order_item` DISABLE KEYS */;
INSERT INTO `order_item` VALUES (1,3,7,230,'Fundamentals of Wavelets','Goswami, Jaideva','https://csc207-ebook-storage.s3.ca-central-1.amazonaws.com/doc_cover/2022-10-06/default-book-cover.png336321982bc14ac086aecac0992aff24'),(2,3,7,231,'Data Smart','Foreman, John','https://csc207-ebook-storage.s3.ca-central-1.amazonaws.com/doc_cover/2022-10-06/default-book-cover.png336321982bc14ac086aecac0992aff24');
/*!40000 ALTER TABLE `order_item` ENABLE KEYS */;
UNLOCK TABLES;
/*!40103 SET TIME_ZONE=@OLD_TIME_ZONE */;

/*!40101 SET SQL_MODE=@OLD_SQL_MODE */;
/*!40014 SET FOREIGN_KEY_CHECKS=@OLD_FOREIGN_KEY_CHECKS */;
/*!40014 SET UNIQUE_CHECKS=@OLD_UNIQUE_CHECKS */;
/*!40101 SET CHARACTER_SET_CLIENT=@OLD_CHARACTER_SET_CLIENT */;
/*!40101 SET CHARACTER_SET_RESULTS=@OLD_CHARACTER_SET_RESULTS */;
/*!40101 SET COLLATION_CONNECTION=@OLD_COLLATION_CONNECTION */;
/*!40111 SET SQL_NOTES=@OLD_SQL_NOTES */;

-- Dump completed on 2022-11-21 13:17:22
-- MySQL dump 10.13  Distrib 8.0.20, for macos10.15 (x86_64)
--
-- Host: 127.0.0.1    Database: ebook
-- ------------------------------------------------------
-- Server version	8.0.23

/*!40101 SET @OLD_CHARACTER_SET_CLIENT=@@CHARACTER_SET_CLIENT */;
/*!40101 SET @OLD_CHARACTER_SET_RESULTS=@@CHARACTER_SET_RESULTS */;
/*!40101 SET @OLD_COLLATION_CONNECTION=@@COLLATION_CONNECTION */;
/*!50503 SET NAMES utf8 */;
/*!40103 SET @OLD_TIME_ZONE=@@TIME_ZONE */;
/*!40103 SET TIME_ZONE='+00:00' */;
/*!40014 SET @OLD_UNIQUE_CHECKS=@@UNIQUE_CHECKS, UNIQUE_CHECKS=0 */;
/*!40014 SET @OLD_FOREIGN_KEY_CHECKS=@@FOREIGN_KEY_CHECKS, FOREIGN_KEY_CHECKS=0 */;
/*!40101 SET @OLD_SQL_MODE=@@SQL_MODE, SQL_MODE='NO_AUTO_VALUE_ON_ZERO' */;
/*!40111 SET @OLD_SQL_NOTES=@@SQL_NOTES, SQL_NOTES=0 */;

--
-- Table structure for table `rate`
--

DROP TABLE IF EXISTS `rate`;
/*!40101 SET @saved_cs_client     = @@character_set_client */;
/*!50503 SET character_set_client = utf8mb4 */;
CREATE TABLE `rate` (
  `id` bigint NOT NULL AUTO_INCREMENT,
  `rate` float DEFAULT NULL,
  `book_id` bigint DEFAULT NULL,
  `user_id` bigint DEFAULT NULL,
  `create_time` datetime DEFAULT NULL,
  `update_time` datetime DEFAULT NULL,
  `is_deleted` tinyint(1) DEFAULT '0' COMMENT '0: available\n1: deleted',
  PRIMARY KEY (`id`),
  UNIQUE KEY `id_UNIQUE` (`id`)
) ENGINE=InnoDB AUTO_INCREMENT=301 DEFAULT CHARSET=utf8;
/*!40101 SET character_set_client = @saved_cs_client */;

--
-- Dumping data for table `rate`
--

LOCK TABLES `rate` WRITE;
/*!40000 ALTER TABLE `rate` DISABLE KEYS */;
INSERT INTO `rate` VALUES (1,4,302,205,'2022-05-25 11:16:49','2022-10-13 15:50:37',0),(2,3,325,170,'2022-09-25 11:12:24','2022-10-13 15:50:37',0),(3,3,439,152,'2022-08-22 07:03:17','2022-10-13 15:50:37',0),(4,4,237,163,'2021-10-10 07:40:05','2022-10-13 15:50:37',0),(5,2,426,186,'2022-03-29 03:00:46','2022-10-13 15:50:37',0),(6,4,310,160,'2022-07-01 18:54:32','2022-10-13 15:50:37',0),(7,3,346,178,'2022-02-18 20:26:58','2022-10-13 15:50:37',0),(8,1,382,191,'2022-10-02 03:15:31','2022-10-13 15:50:37',0),(9,3,259,191,'2022-09-17 23:02:07','2022-10-13 15:50:37',0),(10,3,321,180,'2022-03-19 04:28:50','2022-10-13 15:50:37',0),(11,2,357,174,'2021-11-25 18:55:47','2022-10-13 15:50:37',0),(12,4,295,146,'2021-11-06 08:30:45','2022-10-13 15:50:37',0),(13,1,377,176,'2021-10-15 14:09:06','2022-10-13 15:50:37',0),(14,4,256,125,'2022-06-01 13:18:38','2022-10-13 15:50:37',0),(15,5,252,167,'2022-02-19 00:31:22','2022-10-13 15:50:37',0),(16,1,246,196,'2022-07-28 06:08:28','2022-10-13 15:50:37',0),(17,2,311,159,'2021-11-15 00:41:04','2022-10-13 15:50:37',0),(18,2,249,127,'2022-08-31 17:25:08','2022-10-13 15:50:37',0),(19,1,307,168,'2022-04-06 04:23:28','2022-10-13 15:50:37',0),(20,1,234,171,'2022-02-19 03:00:14','2022-10-13 15:50:37',0),(21,5,334,155,'2022-02-03 13:52:30','2022-10-13 15:50:37',0),(22,5,346,108,'2022-01-11 19:22:52','2022-10-13 15:50:37',0),(23,1,388,134,'2022-08-29 01:26:49','2022-10-13 15:50:37',0),(24,5,311,196,'2021-10-20 22:11:10','2022-10-13 15:50:37',0),(25,1,328,183,'2021-12-08 06:40:30','2022-10-13 15:50:37',0),(26,2,410,179,'2022-02-09 17:18:59','2022-10-13 15:50:37',0),(27,2,383,201,'2022-05-11 13:03:17','2022-10-13 15:50:37',0),(28,3,292,185,'2021-10-17 17:30:53','2022-10-13 15:50:37',0),(29,2,435,116,'2022-09-13 23:56:08','2022-10-13 15:50:37',0),(30,3,244,206,'2022-04-08 05:20:53','2022-10-13 15:50:37',0),(31,4,354,188,'2022-04-28 08:11:34','2022-10-13 15:50:37',0),(32,1,307,199,'2022-06-28 01:11:00','2022-10-13 15:50:37',0),(33,1,357,195,'2022-05-08 05:37:01','2022-10-13 15:50:37',0),(34,5,432,176,'2022-02-12 06:13:24','2022-10-13 15:50:37',0),(35,3,273,153,'2021-10-06 10:46:08','2022-10-13 15:50:37',0),(36,3,276,142,'2022-05-13 23:17:50','2022-10-13 15:50:37',0),(37,2,377,142,'2022-05-11 07:59:30','2022-10-13 15:50:37',0),(38,3,306,194,'2022-02-26 22:49:28','2022-10-13 15:50:37',0),(39,3,258,202,'2022-05-13 10:50:20','2022-10-13 15:50:37',0),(40,1,336,189,'2022-02-06 19:35:00','2022-10-13 15:50:37',0),(41,2,369,142,'2022-02-17 10:56:27','2022-10-13 15:50:37',0),(42,4,421,147,'2022-03-09 09:00:20','2022-10-13 15:50:37',0),(43,1,397,173,'2022-02-10 09:20:46','2022-10-13 15:50:37',0),(44,2,297,157,'2022-07-20 21:54:07','2022-10-13 15:50:37',0),(45,5,412,189,'2022-09-19 03:41:59','2022-10-13 15:50:37',0),(46,5,398,152,'2022-05-14 00:11:54','2022-10-13 15:50:37',0),(47,3,242,167,'2022-01-28 08:18:32','2022-10-13 15:50:37',0),(48,4,278,184,'2022-02-23 02:52:15','2022-10-13 15:50:37',0),(49,3,401,168,'2022-07-11 04:26:12','2022-10-13 15:50:37',0),(50,5,330,142,'2022-09-03 20:56:57','2022-10-13 15:50:37',0),(51,2,393,141,'2022-08-03 23:43:37','2022-10-13 15:50:37',0),(52,3,311,201,'2021-12-09 02:33:49','2022-10-13 15:50:37',0),(53,4,414,186,'2022-06-27 05:19:20','2022-10-13 15:50:37',0),(54,4,336,150,'2021-12-11 05:25:14','2022-10-13 15:50:37',0),(55,2,239,169,'2022-09-17 08:55:46','2022-10-13 15:50:37',0),(56,4,245,118,'2022-05-11 07:42:50','2022-10-13 15:50:37',0),(57,4,311,204,'2022-03-22 14:50:28','2022-10-13 15:50:37',0),(58,5,318,144,'2022-09-12 10:32:48','2022-10-13 15:50:37',0),(59,5,325,131,'2022-05-05 16:22:09','2022-10-13 15:50:37',0),(60,2,279,158,'2022-08-09 22:05:58','2022-10-13 15:50:37',0),(61,4,331,188,'2021-12-14 01:58:32','2022-10-13 15:50:37',0),(62,2,366,134,'2022-01-30 05:28:23','2022-10-13 15:50:37',0),(63,4,391,184,'2022-05-21 03:15:14','2022-10-13 15:50:37',0),(64,2,427,149,'2022-07-21 18:16:01','2022-10-13 15:50:37',0),(65,3,278,137,'2021-11-01 14:47:23','2022-10-13 15:50:37',0),(66,2,298,129,'2021-10-10 19:02:46','2022-10-13 15:50:37',0),(67,4,329,125,'2022-07-11 11:06:00','2022-10-13 15:50:37',0),(68,3,400,115,'2022-10-06 02:27:18','2022-10-13 15:50:37',0),(69,3,289,196,'2022-01-29 14:44:07','2022-10-13 15:50:37',0),(70,4,266,114,'2022-03-20 02:55:33','2022-10-13 15:50:37',0),(71,2,334,127,'2022-04-10 13:07:24','2022-10-13 15:50:37',0),(72,4,350,196,'2022-05-13 06:20:34','2022-10-13 15:50:37',0),(73,4,421,167,'2022-09-15 00:54:08','2022-10-13 15:50:37',0),(74,2,306,171,'2022-04-15 15:23:02','2022-10-13 15:50:37',0),(75,2,324,126,'2022-02-10 19:35:25','2022-10-13 15:50:37',0),(76,1,395,112,'2021-12-18 07:41:15','2022-10-13 15:50:37',0),(77,5,261,154,'2022-02-26 15:27:33','2022-10-13 15:50:37',0),(78,2,423,129,'2022-01-30 02:26:03','2022-10-13 15:50:37',0),(79,3,295,152,'2022-09-27 12:11:42','2022-10-13 15:50:37',0),(80,4,239,152,'2022-03-29 01:53:51','2022-10-13 15:50:37',0),(81,2,418,193,'2022-08-03 16:42:31','2022-10-13 15:50:37',0),(82,3,271,205,'2022-09-04 18:51:10','2022-10-13 15:50:37',0),(83,5,281,176,'2022-10-11 02:34:44','2022-10-13 15:50:37',0),(84,5,344,173,'2022-04-20 06:50:53','2022-10-13 15:50:37',0),(85,2,381,175,'2021-12-22 03:06:10','2022-10-13 15:50:37',0),(86,4,273,205,'2021-10-19 23:38:42','2022-10-13 15:50:37',0),(87,1,234,135,'2022-08-23 17:35:36','2022-10-13 15:50:37',0),(88,2,250,183,'2022-02-10 02:07:04','2022-10-13 15:50:37',0),(89,1,304,203,'2022-01-07 10:04:44','2022-10-13 15:50:37',0),(90,2,341,190,'2022-06-15 18:14:33','2022-10-13 15:50:37',0),(91,5,414,151,'2021-10-15 16:48:51','2022-10-13 15:50:37',0),(92,4,323,130,'2022-04-30 02:42:39','2022-10-13 15:50:37',0),(93,3,392,184,'2022-09-03 18:46:19','2022-10-13 15:50:37',0),(94,1,352,191,'2022-01-01 22:11:49','2022-10-13 15:50:37',0),(95,2,349,164,'2022-06-19 14:07:46','2022-10-13 15:50:37',0),(96,3,367,159,'2022-08-07 23:50:01','2022-10-13 15:50:37',0),(97,3,343,203,'2022-07-29 01:17:42','2022-10-13 15:50:37',0),(98,3,273,158,'2022-02-09 16:24:49','2022-10-13 15:50:37',0),(99,5,429,145,'2022-01-28 03:01:25','2022-10-13 15:50:37',0),(100,1,236,125,'2022-02-11 04:28:22','2022-10-13 15:50:37',0),(101,2,265,192,'2021-12-03 13:22:46','2022-10-13 15:51:32',0),(102,2,304,158,'2022-03-29 11:02:22','2022-10-13 15:51:32',0),(103,1,268,117,'2022-01-09 06:14:13','2022-10-13 15:51:32',0),(104,1,352,111,'2021-10-04 01:28:13','2022-10-13 15:51:32',0),(105,3,404,125,'2022-03-21 20:38:18','2022-10-13 15:51:32',0),(106,5,314,175,'2021-11-28 02:51:08','2022-10-13 15:51:32',0),(107,2,408,166,'2022-09-05 23:30:35','2022-10-13 15:51:32',0),(108,1,283,160,'2021-10-29 23:48:01','2022-10-13 15:51:32',0),(109,4,365,124,'2021-11-03 21:37:35','2022-10-13 15:51:32',0),(110,3,427,175,'2022-02-10 15:17:17','2022-10-13 15:51:32',0),(111,4,281,179,'2021-12-03 03:54:38','2022-10-13 15:51:32',0),(112,4,423,187,'2022-09-11 19:01:08','2022-10-13 15:51:32',0),(113,4,301,147,'2022-02-13 19:34:16','2022-10-13 15:51:32',0),(114,2,265,202,'2022-01-03 14:58:04','2022-10-13 15:51:32',0),(115,3,429,207,'2021-11-07 17:31:31','2022-10-13 15:51:32',0),(116,2,237,190,'2021-11-05 23:59:46','2022-10-13 15:51:32',0),(117,2,372,111,'2022-07-08 10:15:05','2022-10-13 15:51:32',0),(118,1,271,164,'2022-03-27 19:41:30','2022-10-13 15:51:32',0),(119,5,320,111,'2022-09-15 12:11:03','2022-10-13 15:51:32',0),(120,2,262,166,'2022-03-30 07:25:12','2022-10-13 15:51:32',0),(121,5,233,176,'2022-02-06 19:51:20','2022-10-13 15:51:32',0),(122,2,277,195,'2021-11-27 23:10:17','2022-10-13 15:51:32',0),(123,2,341,168,'2021-11-23 16:01:18','2022-10-13 15:51:32',0),(124,2,426,197,'2021-12-15 13:10:30','2022-10-13 15:51:32',0),(125,5,392,157,'2021-12-09 08:32:52','2022-10-13 15:51:32',0),(126,5,253,200,'2022-08-04 18:13:05','2022-10-13 15:51:32',0),(127,5,260,169,'2022-06-09 12:38:51','2022-10-13 15:51:32',0),(128,3,304,203,'2022-09-18 13:21:10','2022-10-13 15:51:32',0),(129,1,339,134,'2022-07-11 11:19:32','2022-10-13 15:51:32',0),(130,3,420,199,'2021-12-05 14:21:01','2022-10-13 15:51:32',0),(131,2,360,140,'2022-08-28 07:37:27','2022-10-13 15:51:32',0),(132,3,335,156,'2022-09-28 05:22:59','2022-10-13 15:51:32',0),(133,1,404,197,'2022-03-03 20:23:09','2022-10-13 15:51:32',0),(134,3,269,195,'2022-02-25 19:06:43','2022-10-13 15:51:32',0),(135,1,245,127,'2022-02-20 13:21:17','2022-10-13 15:51:32',0),(136,4,365,191,'2022-08-04 08:18:07','2022-10-13 15:51:32',0),(137,3,248,170,'2022-08-16 07:29:00','2022-10-13 15:51:32',0),(138,3,299,159,'2022-04-24 03:20:47','2022-10-13 15:51:32',0),(139,3,323,187,'2022-04-22 02:45:19','2022-10-13 15:51:32',0),(140,4,363,157,'2021-11-11 18:46:25','2022-10-13 15:51:32',0),(141,4,398,128,'2022-07-21 00:16:25','2022-10-13 15:51:32',0),(142,4,401,198,'2022-05-25 09:22:21','2022-10-13 15:51:32',0),(143,2,233,143,'2021-12-28 23:27:00','2022-10-13 15:51:32',0),(144,4,263,135,'2021-11-18 04:09:06','2022-10-13 15:51:32',0),(145,4,357,163,'2021-10-02 22:32:13','2022-10-13 15:51:32',0),(146,4,281,166,'2022-09-14 17:36:48','2022-10-13 15:51:32',0),(147,3,247,158,'2022-06-28 12:18:44','2022-10-13 15:51:32',0),(148,3,232,182,'2022-04-04 19:28:52','2022-10-13 15:51:32',0),(149,2,421,204,'2021-12-11 23:59:42','2022-10-13 15:51:32',0),(150,5,383,145,'2021-10-12 06:40:14','2022-10-13 15:51:32',0),(151,1,436,124,'2022-01-27 01:11:36','2022-10-13 15:51:33',0),(152,5,379,190,'2022-05-19 16:27:24','2022-10-13 15:51:33',0),(153,4,338,189,'2022-03-15 19:29:18','2022-10-13 15:51:33',0),(154,3,328,110,'2022-02-28 08:08:14','2022-10-13 15:51:33',0),(155,2,273,128,'2021-11-30 23:19:49','2022-10-13 15:51:33',0),(156,4,435,147,'2022-04-25 21:40:10','2022-10-13 15:51:33',0),(157,1,397,191,'2022-06-13 11:38:24','2022-10-13 15:51:33',0),(158,4,410,180,'2022-01-01 11:49:31','2022-10-13 15:51:33',0),(159,1,326,166,'2022-08-30 09:11:41','2022-10-13 15:51:33',0),(160,3,311,131,'2022-07-05 22:54:57','2022-10-13 15:51:33',0),(161,1,360,207,'2021-12-17 05:36:01','2022-10-13 15:51:33',0),(162,4,234,154,'2022-08-02 08:24:41','2022-10-13 15:51:33',0),(163,3,270,116,'2022-07-12 11:37:07','2022-10-13 15:51:33',0),(164,3,268,195,'2022-02-03 17:24:27','2022-10-13 15:51:33',0),(165,4,420,194,'2022-01-02 19:28:32','2022-10-13 15:51:33',0),(166,4,275,160,'2022-09-20 07:15:24','2022-10-13 15:51:33',0),(167,5,392,182,'2022-03-29 14:41:13','2022-10-13 15:51:33',0),(168,2,281,142,'2022-08-24 18:06:47','2022-10-13 15:51:33',0),(169,1,417,156,'2022-04-06 23:37:49','2022-10-13 15:51:33',0),(170,5,255,176,'2021-11-03 09:12:57','2022-10-13 15:51:33',0),(171,1,291,143,'2022-07-26 08:53:53','2022-10-13 15:51:33',0),(172,5,296,160,'2022-01-01 21:40:47','2022-10-13 15:51:33',0),(173,3,331,192,'2021-11-27 00:35:34','2022-10-13 15:51:33',0),(174,1,325,171,'2022-07-26 22:33:37','2022-10-13 15:51:33',0),(175,2,306,125,'2022-02-09 12:01:41','2022-10-13 15:51:33',0),(176,5,322,182,'2021-12-12 08:09:20','2022-10-13 15:51:33',0),(177,2,399,154,'2021-10-02 18:01:37','2022-10-13 15:51:33',0),(178,5,261,149,'2022-08-20 02:07:52','2022-10-13 15:51:33',0),(179,2,406,154,'2022-08-14 13:31:48','2022-10-13 15:51:33',0),(180,2,400,160,'2022-03-08 10:08:31','2022-10-13 15:51:33',0),(181,3,337,162,'2021-11-03 23:04:22','2022-10-13 15:51:33',0),(182,1,332,127,'2021-10-12 21:33:23','2022-10-13 15:51:33',0),(183,4,382,160,'2021-12-07 05:50:17','2022-10-13 15:51:33',0),(184,2,274,152,'2022-07-01 19:26:52','2022-10-13 15:51:33',0),(185,1,359,123,'2022-08-05 04:57:09','2022-10-13 15:51:33',0),(186,4,354,114,'2022-06-29 15:39:20','2022-10-13 15:51:33',0),(187,3,257,139,'2021-10-01 19:41:00','2022-10-13 15:51:33',0),(188,2,431,139,'2022-01-05 13:33:39','2022-10-13 15:51:33',0),(189,5,279,127,'2022-09-18 21:13:57','2022-10-13 15:51:33',0),(190,3,418,112,'2022-01-02 04:10:42','2022-10-13 15:51:33',0),(191,5,313,147,'2022-09-07 17:15:27','2022-10-13 15:51:33',0),(192,1,238,164,'2022-08-10 00:23:51','2022-10-13 15:51:33',0),(193,1,424,178,'2022-04-23 21:59:49','2022-10-13 15:51:33',0),(194,1,357,132,'2022-02-11 05:21:06','2022-10-13 15:51:33',0),(195,3,263,123,'2021-12-14 05:11:19','2022-10-13 15:51:33',0),(196,5,335,144,'2021-11-25 16:28:13','2022-10-13 15:51:33',0),(197,3,244,136,'2022-03-04 11:02:38','2022-10-13 15:51:33',0),(198,3,257,177,'2022-08-28 09:47:42','2022-10-13 15:51:33',0),(199,2,304,140,'2021-12-22 23:19:47','2022-10-13 15:51:33',0),(200,1,264,196,'2022-10-05 03:28:37','2022-10-13 15:51:33',0),(201,5,322,168,'2021-11-06 14:30:41','2022-10-13 15:53:40',0),(202,3,390,109,'2021-10-05 16:57:13','2022-10-13 15:53:40',0),(203,4,267,119,'2022-05-15 07:03:24','2022-10-13 15:53:40',0),(204,1,417,177,'2022-02-13 07:58:48','2022-10-13 15:53:40',0),(205,2,371,182,'2022-03-09 10:06:23','2022-10-13 15:53:40',0),(206,3,387,158,'2022-05-28 00:02:05','2022-10-13 15:53:40',0),(207,5,288,127,'2022-05-11 04:07:03','2022-10-13 15:53:40',0),(208,3,409,176,'2022-03-17 17:31:48','2022-10-13 15:53:40',0),(209,4,348,168,'2022-01-05 15:16:08','2022-10-13 15:53:40',0),(210,3,300,132,'2022-06-08 13:39:47','2022-10-13 15:53:40',0),(211,3,264,160,'2021-12-09 12:16:26','2022-10-13 15:53:40',0),(212,4,437,112,'2021-10-14 20:15:03','2022-10-13 15:53:40',0),(213,5,369,163,'2021-11-10 21:22:54','2022-10-13 15:53:40',0),(214,1,373,181,'2022-09-19 22:14:52','2022-10-13 15:53:40',0),(215,4,431,182,'2022-06-13 21:41:21','2022-10-13 15:53:40',0),(216,1,346,172,'2022-01-12 15:42:57','2022-10-13 15:53:40',0),(217,5,413,147,'2022-04-28 04:17:11','2022-10-13 15:53:40',0),(218,1,310,117,'2022-01-30 13:28:28','2022-10-13 15:53:40',0),(219,2,333,173,'2022-02-01 12:58:29','2022-10-13 15:53:40',0),(220,4,238,178,'2021-12-12 22:12:39','2022-10-13 15:53:40',0),(221,5,413,126,'2022-09-03 14:25:30','2022-10-13 15:53:40',0),(222,1,379,201,'2022-02-27 20:56:17','2022-10-13 15:53:40',0),(223,2,403,120,'2022-07-31 12:21:32','2022-10-13 15:53:40',0),(224,1,263,116,'2022-01-24 06:52:08','2022-10-13 15:53:40',0),(225,2,367,116,'2022-03-20 17:29:32','2022-10-13 15:53:40',0),(226,5,300,178,'2022-06-14 10:55:55','2022-10-13 15:53:40',0),(227,1,393,167,'2022-10-01 23:00:09','2022-10-13 15:53:40',0),(228,3,282,128,'2022-05-20 22:02:30','2022-10-13 15:53:40',0),(229,5,402,191,'2022-04-02 14:53:27','2022-10-13 15:53:40',0),(230,3,276,150,'2021-11-25 03:16:52','2022-10-13 15:53:40',0),(231,1,333,127,'2022-02-24 10:14:00','2022-10-13 15:53:40',0),(232,1,415,113,'2022-01-17 05:47:54','2022-10-13 15:53:40',0),(233,1,270,186,'2022-01-28 19:23:10','2022-10-13 15:53:40',0),(234,5,434,151,'2022-07-26 11:48:21','2022-10-13 15:53:40',0),(235,1,293,108,'2022-08-01 00:22:31','2022-10-13 15:53:40',0),(236,5,428,166,'2021-12-07 07:41:53','2022-10-13 15:53:40',0),(237,4,428,163,'2022-03-18 14:22:34','2022-10-13 15:53:40',0),(238,5,255,161,'2021-11-21 14:46:54','2022-10-13 15:53:40',0),(239,5,296,174,'2021-10-16 19:42:34','2022-10-13 15:53:40',0),(240,3,330,156,'2022-06-08 00:54:26','2022-10-13 15:53:40',0),(241,5,315,195,'2022-04-08 01:27:53','2022-10-13 15:53:40',0),(242,1,417,200,'2022-07-28 04:57:24','2022-10-13 15:53:40',0),(243,4,328,115,'2022-04-10 03:48:37','2022-10-13 15:53:40',0),(244,4,418,114,'2021-11-08 20:05:24','2022-10-13 15:53:40',0),(245,1,265,136,'2022-09-03 03:41:44','2022-10-13 15:53:40',0),(246,4,331,204,'2022-05-13 15:07:53','2022-10-13 15:53:40',0),(247,1,307,207,'2022-03-01 22:40:40','2022-10-13 15:53:40',0),(248,3,392,168,'2021-11-06 11:35:10','2022-10-13 15:53:40',0),(249,5,330,110,'2022-03-14 22:37:45','2022-10-13 15:53:40',0),(250,2,231,150,'2021-12-10 08:09:15','2022-10-13 15:53:40',0),(251,1,250,158,'2022-02-24 07:14:42','2022-10-13 15:53:40',0),(252,5,285,128,'2022-10-03 20:30:51','2022-10-13 15:53:40',0),(253,1,263,163,'2021-12-30 14:39:04','2022-10-13 15:53:40',0),(254,1,383,111,'2021-10-20 16:09:00','2022-10-13 15:53:40',0),(255,2,332,199,'2022-07-16 01:30:11','2022-10-13 15:53:40',0),(256,5,350,202,'2022-04-02 21:42:48','2022-10-13 15:53:40',0),(257,2,305,160,'2022-04-12 00:11:50','2022-10-13 15:53:40',0),(258,4,294,150,'2021-10-30 04:26:09','2022-10-13 15:53:40',0),(259,3,415,156,'2021-12-31 03:56:34','2022-10-13 15:53:40',0),(260,4,438,172,'2022-03-20 18:17:19','2022-10-13 15:53:40',0),(261,2,378,173,'2022-09-18 15:07:38','2022-10-13 15:53:40',0),(262,4,373,144,'2022-05-15 04:20:17','2022-10-13 15:53:40',0),(263,2,431,167,'2022-02-12 06:32:15','2022-10-13 15:53:40',0),(264,1,353,122,'2022-02-28 04:07:56','2022-10-13 15:53:40',0),(265,4,260,159,'2022-05-28 20:34:23','2022-10-13 15:53:40',0),(266,4,343,179,'2022-04-23 04:12:37','2022-10-13 15:53:40',0),(267,5,273,163,'2021-11-07 20:24:58','2022-10-13 15:53:40',0),(268,5,325,125,'2022-08-10 00:25:33','2022-10-13 15:53:40',0),(269,3,357,190,'2021-10-22 15:53:25','2022-10-13 15:53:40',0),(270,5,341,132,'2021-10-18 20:13:26','2022-10-13 15:53:40',0),(271,1,258,152,'2022-05-21 01:04:33','2022-10-13 15:53:40',0),(272,2,289,199,'2022-02-12 19:42:03','2022-10-13 15:53:40',0),(273,3,302,117,'2021-10-16 00:44:21','2022-10-13 15:53:40',0),(274,1,421,146,'2022-03-02 03:11:23','2022-10-13 15:53:40',0),(275,2,263,174,'2021-11-13 11:32:44','2022-10-13 15:53:40',0),(276,1,430,190,'2022-01-05 10:33:11','2022-10-13 15:53:40',0),(277,4,256,136,'2022-10-07 06:16:58','2022-10-13 15:53:40',0),(278,5,401,125,'2021-11-07 00:08:45','2022-10-13 15:53:40',0),(279,4,252,128,'2022-02-26 05:36:13','2022-10-13 15:53:40',0),(280,3,421,158,'2022-07-07 02:10:59','2022-10-13 15:53:40',0),(281,2,382,184,'2021-12-22 10:34:27','2022-10-13 15:53:40',0),(282,1,428,112,'2022-02-08 21:52:04','2022-10-13 15:53:40',0),(283,1,347,193,'2022-05-29 10:03:50','2022-10-13 15:53:40',0),(284,3,384,121,'2022-08-30 04:26:53','2022-10-13 15:53:40',0),(285,2,437,134,'2022-05-06 08:43:05','2022-10-13 15:53:40',0),(286,1,399,183,'2022-09-13 09:38:08','2022-10-13 15:53:40',0),(287,1,425,174,'2022-06-01 10:34:52','2022-10-13 15:53:40',0),(288,4,386,136,'2022-08-26 09:48:57','2022-10-13 15:53:40',0),(289,2,332,193,'2022-09-11 08:48:14','2022-10-13 15:53:40',0),(290,5,291,171,'2022-10-01 00:33:48','2022-10-13 15:53:40',0),(291,5,285,131,'2022-04-05 16:53:38','2022-10-13 15:53:40',0),(292,5,305,137,'2022-03-29 04:09:57','2022-10-13 15:53:40',0),(293,5,404,139,'2022-01-27 09:35:09','2022-10-13 15:53:40',0),(294,1,338,134,'2021-12-18 12:45:39','2022-10-13 15:53:40',0),(295,5,366,130,'2022-04-04 19:51:59','2022-10-13 15:53:40',0),(296,3,433,179,'2022-03-27 11:29:52','2022-10-13 15:53:40',0),(297,2,241,184,'2022-03-09 13:21:55','2022-10-13 15:53:40',0),(298,2,394,178,'2022-04-26 02:10:16','2022-10-13 15:53:40',0),(299,4,321,153,'2022-02-01 22:33:58','2022-10-13 15:53:40',0),(300,1,357,159,'2022-01-29 12:04:43','2022-10-13 15:53:40',0);
/*!40000 ALTER TABLE `rate` ENABLE KEYS */;
UNLOCK TABLES;
/*!40103 SET TIME_ZONE=@OLD_TIME_ZONE */;

/*!40101 SET SQL_MODE=@OLD_SQL_MODE */;
/*!40014 SET FOREIGN_KEY_CHECKS=@OLD_FOREIGN_KEY_CHECKS */;
/*!40014 SET UNIQUE_CHECKS=@OLD_UNIQUE_CHECKS */;
/*!40101 SET CHARACTER_SET_CLIENT=@OLD_CHARACTER_SET_CLIENT */;
/*!40101 SET CHARACTER_SET_RESULTS=@OLD_CHARACTER_SET_RESULTS */;
/*!40101 SET COLLATION_CONNECTION=@OLD_COLLATION_CONNECTION */;
/*!40111 SET SQL_NOTES=@OLD_SQL_NOTES */;

-- Dump completed on 2022-11-21 13:17:21
-- MySQL dump 10.13  Distrib 8.0.20, for macos10.15 (x86_64)
--
-- Host: 127.0.0.1    Database: ebook
-- ------------------------------------------------------
-- Server version	8.0.23

/*!40101 SET @OLD_CHARACTER_SET_CLIENT=@@CHARACTER_SET_CLIENT */;
/*!40101 SET @OLD_CHARACTER_SET_RESULTS=@@CHARACTER_SET_RESULTS */;
/*!40101 SET @OLD_COLLATION_CONNECTION=@@COLLATION_CONNECTION */;
/*!50503 SET NAMES utf8 */;
/*!40103 SET @OLD_TIME_ZONE=@@TIME_ZONE */;
/*!40103 SET TIME_ZONE='+00:00' */;
/*!40014 SET @OLD_UNIQUE_CHECKS=@@UNIQUE_CHECKS, UNIQUE_CHECKS=0 */;
/*!40014 SET @OLD_FOREIGN_KEY_CHECKS=@@FOREIGN_KEY_CHECKS, FOREIGN_KEY_CHECKS=0 */;
/*!40101 SET @OLD_SQL_MODE=@@SQL_MODE, SQL_MODE='NO_AUTO_VALUE_ON_ZERO' */;
/*!40111 SET @OLD_SQL_NOTES=@@SQL_NOTES, SQL_NOTES=0 */;

--
-- Table structure for table `section`
--

DROP TABLE IF EXISTS `section`;
/*!40101 SET @saved_cs_client     = @@character_set_client */;
/*!50503 SET character_set_client = utf8mb4 */;
CREATE TABLE `section` (
  `id` bigint NOT NULL AUTO_INCREMENT,
  `section_name` varchar(45) DEFAULT NULL,
  `created_by` bigint DEFAULT NULL,
  `updated_by` bigint DEFAULT NULL,
  `is_disabled` tinyint DEFAULT NULL COMMENT '0: normal,\n1: disabled',
  `create_time` varchar(45) DEFAULT NULL,
  `update_time` varchar(45) DEFAULT NULL,
  PRIMARY KEY (`id`)
) ENGINE=InnoDB AUTO_INCREMENT=68 DEFAULT CHARSET=utf8;
/*!40101 SET character_set_client = @saved_cs_client */;

--
-- Dumping data for table `section`
--

LOCK TABLES `section` WRITE;
/*!40000 ALTER TABLE `section` DISABLE KEYS */;
INSERT INTO `section` VALUES (43,'tech',NULL,NULL,0,'2022-10-07 10:06:54.968','2022-10-07 10:06:54.968'),(44,'signal_processing',NULL,NULL,0,'2022-10-07 10:06:54.982','2022-10-07 10:06:54.982'),(45,'data_science',NULL,NULL,0,'2022-10-07 10:06:55.015','2022-10-07 10:06:55.015'),(46,'mathematics',NULL,NULL,0,'2022-10-07 10:06:55.035','2022-10-07 10:06:55.035'),(47,'science',NULL,NULL,0,'2022-10-07 10:06:55.053','2022-10-07 10:06:55.053'),(48,'economics',NULL,NULL,0,'2022-10-07 10:06:55.062','2022-10-07 10:06:55.062'),(49,'nonfiction',NULL,NULL,0,'2022-10-07 10:06:55.079','2022-10-07 10:06:55.079'),(50,'history',NULL,NULL,0,'2022-10-07 10:06:55.085','2022-10-07 10:06:55.085'),(51,'psychology',NULL,NULL,0,'2022-10-07 10:06:55.182','2022-10-07 10:06:55.182'),(52,'fiction',NULL,NULL,0,'2022-10-07 10:06:55.211','2022-10-07 10:06:55.211'),(53,'classic',NULL,NULL,0,'2022-10-07 10:06:55.215','2022-10-07 10:06:55.215'),(54,'computer_science',NULL,NULL,0,'2022-10-07 10:06:55.24','2022-10-07 10:06:55.24'),(55,'novel',NULL,NULL,0,'2022-10-07 10:06:55.303','2022-10-07 10:06:55.303'),(56,'philosophy',NULL,NULL,0,'2022-10-07 10:06:55.316','2022-10-07 10:06:55.316'),(57,'autobiography',NULL,NULL,0,'2022-10-07 10:06:55.478','2022-10-07 10:06:55.478'),(58,'physics',NULL,NULL,0,'2022-10-07 10:06:55.489','2022-10-07 10:06:55.489'),(59,'objectivism',NULL,NULL,0,'2022-10-07 10:06:55.566','2022-10-07 10:06:55.566'),(60,'trivia',NULL,NULL,0,'2022-10-07 10:06:55.719','2022-10-07 10:06:55.719'),(61,'misc',NULL,NULL,0,'2022-10-07 10:06:55.965','2022-10-07 10:06:55.965'),(62,'poetry',NULL,NULL,0,'2022-10-07 10:06:56.004','2022-10-07 10:06:56.004'),(63,'education',NULL,NULL,0,'2022-10-07 10:06:56.015','2022-10-07 10:06:56.015'),(64,'anthology',NULL,NULL,0,'2022-10-07 10:06:56.347','2022-10-07 10:06:56.347'),(65,'politics',NULL,NULL,0,'2022-10-07 10:06:56.465','2022-10-07 10:06:56.465'),(66,'comic',NULL,NULL,0,'2022-10-07 10:06:56.543','2022-10-07 10:06:56.543'),(67,'legal',NULL,NULL,0,'2022-10-07 10:06:56.943','2022-10-07 10:06:56.943');
/*!40000 ALTER TABLE `section` ENABLE KEYS */;
UNLOCK TABLES;
/*!40103 SET TIME_ZONE=@OLD_TIME_ZONE */;

/*!40101 SET SQL_MODE=@OLD_SQL_MODE */;
/*!40014 SET FOREIGN_KEY_CHECKS=@OLD_FOREIGN_KEY_CHECKS */;
/*!40014 SET UNIQUE_CHECKS=@OLD_UNIQUE_CHECKS */;
/*!40101 SET CHARACTER_SET_CLIENT=@OLD_CHARACTER_SET_CLIENT */;
/*!40101 SET CHARACTER_SET_RESULTS=@OLD_CHARACTER_SET_RESULTS */;
/*!40101 SET COLLATION_CONNECTION=@OLD_COLLATION_CONNECTION */;
/*!40111 SET SQL_NOTES=@OLD_SQL_NOTES */;

-- Dump completed on 2022-11-21 13:17:21
-- MySQL dump 10.13  Distrib 8.0.20, for macos10.15 (x86_64)
--
-- Host: 127.0.0.1    Database: ebook
-- ------------------------------------------------------
-- Server version	8.0.23

/*!40101 SET @OLD_CHARACTER_SET_CLIENT=@@CHARACTER_SET_CLIENT */;
/*!40101 SET @OLD_CHARACTER_SET_RESULTS=@@CHARACTER_SET_RESULTS */;
/*!40101 SET @OLD_COLLATION_CONNECTION=@@COLLATION_CONNECTION */;
/*!50503 SET NAMES utf8 */;
/*!40103 SET @OLD_TIME_ZONE=@@TIME_ZONE */;
/*!40103 SET TIME_ZONE='+00:00' */;
/*!40014 SET @OLD_UNIQUE_CHECKS=@@UNIQUE_CHECKS, UNIQUE_CHECKS=0 */;
/*!40014 SET @OLD_FOREIGN_KEY_CHECKS=@@FOREIGN_KEY_CHECKS, FOREIGN_KEY_CHECKS=0 */;
/*!40101 SET @OLD_SQL_MODE=@@SQL_MODE, SQL_MODE='NO_AUTO_VALUE_ON_ZERO' */;
/*!40111 SET @OLD_SQL_NOTES=@@SQL_NOTES, SQL_NOTES=0 */;

--
-- Table structure for table `tag`
--

DROP TABLE IF EXISTS `tag`;
/*!40101 SET @saved_cs_client     = @@character_set_client */;
/*!50503 SET character_set_client = utf8mb4 */;
CREATE TABLE `tag` (
  `id` bigint NOT NULL,
  `tag_name` varchar(45) NOT NULL,
  `is_disabled` char(1) DEFAULT '1' COMMENT '0: disabled\n1: in using',
  `create_by` bigint DEFAULT NULL COMMENT 'creators id',
  `update_by` bigint DEFAULT NULL COMMENT 'updators id',
  `create_time` datetime DEFAULT NULL,
  `update_time` datetime DEFAULT NULL,
  PRIMARY KEY (`id`)
) ENGINE=InnoDB DEFAULT CHARSET=utf8;
/*!40101 SET character_set_client = @saved_cs_client */;

--
-- Dumping data for table `tag`
--

LOCK TABLES `tag` WRITE;
/*!40000 ALTER TABLE `tag` DISABLE KEYS */;
INSERT INTO `tag` VALUES (1,'CSC110','0',6,6,'2022-09-28 22:09:11','2022-09-28 22:09:11'),(2,'CSC258','0',108,108,'2022-09-28 22:09:11','2022-09-28 22:09:11'),(3,'CSC207','0',108,108,'2022-09-28 22:09:11','2022-09-28 22:09:11');
/*!40000 ALTER TABLE `tag` ENABLE KEYS */;
UNLOCK TABLES;
/*!40103 SET TIME_ZONE=@OLD_TIME_ZONE */;

/*!40101 SET SQL_MODE=@OLD_SQL_MODE */;
/*!40014 SET FOREIGN_KEY_CHECKS=@OLD_FOREIGN_KEY_CHECKS */;
/*!40014 SET UNIQUE_CHECKS=@OLD_UNIQUE_CHECKS */;
/*!40101 SET CHARACTER_SET_CLIENT=@OLD_CHARACTER_SET_CLIENT */;
/*!40101 SET CHARACTER_SET_RESULTS=@OLD_CHARACTER_SET_RESULTS */;
/*!40101 SET COLLATION_CONNECTION=@OLD_COLLATION_CONNECTION */;
/*!40111 SET SQL_NOTES=@OLD_SQL_NOTES */;

-- Dump completed on 2022-11-21 13:17:22
-- MySQL dump 10.13  Distrib 8.0.20, for macos10.15 (x86_64)
--
-- Host: 127.0.0.1    Database: ebook
-- ------------------------------------------------------
-- Server version	8.0.23

/*!40101 SET @OLD_CHARACTER_SET_CLIENT=@@CHARACTER_SET_CLIENT */;
/*!40101 SET @OLD_CHARACTER_SET_RESULTS=@@CHARACTER_SET_RESULTS */;
/*!40101 SET @OLD_COLLATION_CONNECTION=@@COLLATION_CONNECTION */;
/*!50503 SET NAMES utf8 */;
/*!40103 SET @OLD_TIME_ZONE=@@TIME_ZONE */;
/*!40103 SET TIME_ZONE='+00:00' */;
/*!40014 SET @OLD_UNIQUE_CHECKS=@@UNIQUE_CHECKS, UNIQUE_CHECKS=0 */;
/*!40014 SET @OLD_FOREIGN_KEY_CHECKS=@@FOREIGN_KEY_CHECKS, FOREIGN_KEY_CHECKS=0 */;
/*!40101 SET @OLD_SQL_MODE=@@SQL_MODE, SQL_MODE='NO_AUTO_VALUE_ON_ZERO' */;
/*!40111 SET @OLD_SQL_NOTES=@@SQL_NOTES, SQL_NOTES=0 */;

--
-- Table structure for table `user`
--

DROP TABLE IF EXISTS `user`;
/*!40101 SET @saved_cs_client     = @@character_set_client */;
/*!50503 SET character_set_client = utf8mb4 */;
CREATE TABLE `user` (
  `id` bigint NOT NULL AUTO_INCREMENT COMMENT 'primary key',
  `username` varchar(64) NOT NULL DEFAULT 'NULL' COMMENT 'username',
  `nickname` varchar(64) NOT NULL DEFAULT 'NULL' COMMENT 'nickname',
  `password` varchar(64) NOT NULL DEFAULT 'NULL' COMMENT 'password',
  `status` char(1) DEFAULT '0' COMMENT 'acoount password0 normal 1 disabled',
  `email` varchar(64) DEFAULT NULL COMMENT 'email',
  `gender` char(1) DEFAULT NULL COMMENT 'user gender0 female1 male2 unkown',
  `avatar` varchar(128) DEFAULT NULL COMMENT 'avatar',
  `create_time` datetime DEFAULT NULL COMMENT 'create time',
  `update_time` datetime DEFAULT NULL COMMENT 'update time',
  `del_flag` int DEFAULT '0' COMMENT 'is account deleted0 not deleted1 deleted',
  `type` tinyint DEFAULT '0' COMMENT '0: non UofT student 1: UofT student 2: UofT Teacher 3: UofT staff/ admins',
  PRIMARY KEY (`id`)
) ENGINE=InnoDB AUTO_INCREMENT=208 DEFAULT CHARSET=utf8mb4 COLLATE=utf8mb4_0900_ai_ci COMMENT='';
/*!40101 SET character_set_client = @saved_cs_client */;

--
-- Dumping data for table `user`
--

LOCK TABLES `user` WRITE;
/*!40000 ALTER TABLE `user` DISABLE KEYS */;
INSERT INTO `user` VALUES (6,'yuhan','yuhan','363731f9ae0acf31b26e6c3b47bfb3cf','0','yuhanyao9@gmail.com','0',NULL,'2022-10-08 23:57:11','2022-10-08 23:57:11',0,0),(7,'cliffe','cliffe','01acb8b9d637413bf46ac9be6c25fb49','0','yuhan.yao@mail.utoronto.ca','0','https://csc207-ebook-storage.s3.ca-central-1.amazonaws.com/default.png','2022-09-28 22:09:11','2022-09-28 22:09:11',0,1),(108,'ksivier0','Katrinka Sivier','22f895de8c37d01677a3698a85aa3ed9','0','ksivier0@aboutads.info','0','https://csc207-ebook-storage.s3.ca-central-1.amazonaws.com/default.png','2022-10-08 23:57:11','2022-10-08 23:57:11',0,2),(109,'wbramhall1','Wyn Bramhall','ef3e1f21fef59ccced25073f0948a031','0','wbramhall1@zdnet.com','1',NULL,NULL,'2022-10-08 23:57:11',0,0),(110,'kabbs2','Kelcie Abbs','f67f846d944f56810ce711be8bf17ec7','0','kabbs2@goo.ne.jp','0',NULL,NULL,'2022-10-08 23:57:11',0,0),(111,'ipotteril3','Iorgos Potteril','05e3530a5c3ab053bf43d7be80a378ab','0','ipotteril3@pcworld.com','1',NULL,NULL,'2022-10-08 23:57:11',0,0),(112,'fpeerman4','Florri Peerman','e745e6ee6245036636b8939572ee59e1','0','fpeerman4@last.fm','0',NULL,NULL,'2022-10-08 23:57:11',0,0),(113,'adumbleton5','Alistair Dumbleton','80c6460bb83dd5bbb006cdbf6a5105fa','0','adumbleton5@t-online.de','1',NULL,NULL,'2022-10-08 23:57:11',0,0),(114,'aemerton6','Adelind Emerton','42e9f2bc887f9121a43bc729b25acfa4','0','aemerton6@canalblog.com','0',NULL,NULL,'2022-10-08 23:57:11',0,0),(115,'cdi7','Cozmo Di Bartolomeo','b3fd62b57e1549509906d75e1b730bdd','0','cdi7@marriott.com','1',NULL,NULL,'2022-10-08 23:57:11',0,0),(116,'mmepham8','Magdalen Mepham','6615ad586e63a78e24151f3a3e02ad10','0','mmepham8@opera.com','0',NULL,NULL,'2022-10-08 23:57:11',0,0),(117,'ghully9','Georgy Hully','704ca2cfb62f5af235da7f0520093d15','0','ghully9@fda.gov','1',NULL,NULL,'2022-10-08 23:57:11',0,0),(118,'amyringa','Arch Myring','6df62cb0f34443bdc6c1a6cfb8b82720','0','amyringa@ca.gov','1',NULL,NULL,'2022-10-08 23:57:11',0,0),(119,'whaselhurstb','Wald Haselhurst','60159a57f8b3afee2523fdb4e373cb84','0','whaselhurstb@indiatimes.com','1',NULL,NULL,'2022-10-08 23:57:11',0,0),(120,'jwildgoosec','Junia Wildgoose','259acf15334b1d6aedbd55c54a8b3f0e','0','jwildgoosec@ihg.com','0',NULL,NULL,'2022-10-08 23:57:11',0,0),(121,'tmcterrellyd','Tobye McTerrelly','108ef40f61445532cfe599cb914edbd4','0','tmcterrellyd@elpais.com','0',NULL,NULL,'2022-10-08 23:57:11',0,0),(122,'flynese','Francklyn Lynes','7e73345b14b8b4b52d0dc397c0f5d307','0','flynese@cbc.ca','1',NULL,NULL,'2022-10-08 23:57:11',0,0),(123,'astainburnf','Adolphe Stainburn','f6defa35506685c13dd098047457205b','0','astainburnf@reuters.com','1',NULL,NULL,'2022-10-08 23:57:11',0,0),(124,'mmateg','Madison Mate','74d396f3e4f53bd18127c29cfff52e69','0','mmateg@umn.edu','1',NULL,NULL,'2022-10-08 23:57:11',0,0),(125,'awoolleyh','Agnese Woolley','7717f6a62c442ceb6b5303321be612df','0','awoolleyh@nps.gov','0',NULL,NULL,'2022-10-08 23:57:11',0,0),(126,'smci','Shoshanna Mc Carroll','a90e12b9f6ea1dfd0ac92b2baa39a138','0','smci@list-manage.com','0',NULL,NULL,'2022-10-08 23:57:11',0,0),(127,'rdufferj','Regen Duffer','395e4c640d2570026c5b66ac141abe6b','0','rdufferj@upenn.edu','1',NULL,NULL,'2022-10-08 23:57:11',0,0),(128,'dmargaretk','Di Margaret','b5f032c1c574a4660dfdda32763e5356','0','dmargaretk@abc.net.au','0',NULL,NULL,'2022-10-08 23:57:11',0,0),(129,'aseelerl','Agnes Seeler','1e1c010496a18429c9d99a4601d8694e','0','aseelerl@si.edu','0',NULL,NULL,'2022-10-08 23:57:11',0,0),(130,'athorlbym','Ajay Thorlby','00c1b854ab225fe6e390e13d7c0adfba','0','athorlbym@army.mil','0',NULL,NULL,'2022-10-08 23:57:11',0,0),(131,'vgasnolln','Vinni Gasnoll','3901a653639bacfd402771321b5120bc','0','vgasnolln@theguardian.com','0',NULL,NULL,'2022-10-08 23:57:11',0,0),(132,'bandreazzio','Berkeley Andreazzi','5fdbfc089441e813fef78e833bc04c7d','0','bandreazzio@auda.org.au','1',NULL,NULL,'2022-10-08 23:57:11',0,0),(133,'tteazep','Tresa Teaze','978e504e0e042e7a486349a0f04f68d5','0','tteazep@wiley.com','0',NULL,NULL,'2022-10-08 23:57:11',0,0),(134,'zstanyforthq','Zechariah Stanyforth','211512f9b538d10ab82da2d23d7dd79b','0','zstanyforthq@acquirethisname.com','1',NULL,NULL,'2022-10-08 23:57:11',0,0),(135,'agiottoir','Ashlan Giottoi','2df3318e09d4d0775a0b13d5ca93fa1a','0','agiottoir@cam.ac.uk','0',NULL,NULL,'2022-10-08 23:57:11',0,0),(136,'zgrimmers','Zollie Grimmer','f3689cd5a2840ffe05a8eee9007e7b55','0','zgrimmers@jimdo.com','1',NULL,NULL,'2022-10-08 23:57:11',0,0),(137,'fcrewst','Franklin Crews','f889d188bbf974331a0f62dd02e48eb0','0','fcrewst@comsenz.com','1',NULL,NULL,'2022-10-08 23:57:11',0,0),(138,'bmollettu','Byran Mollett','460c47d403ac4636769a0ee3c7f69f1b','0','bmollettu@rambler.ru','1',NULL,NULL,'2022-10-08 23:57:11',0,0),(139,'gsweetlandv','Gustie Sweetland','1efee701427de48c7b5cf027624064f4','0','gsweetlandv@desdev.cn','0',NULL,NULL,'2022-10-08 23:57:11',0,0),(140,'lhellinw','Loni Hellin','77cdd34911ae3df1d491f955d0495f09','0','lhellinw@yale.edu','0',NULL,NULL,'2022-10-08 23:57:11',0,0),(141,'jplewsx','Jen Plews','337bb2d175cdbdedbdcc1317cf21d4bb','0','jplewsx@cdc.gov','0',NULL,NULL,'2022-10-08 23:57:11',0,0),(142,'kpiscopielloy','Keri Piscopiello','c06474a32e280796102674ddd0eb78ac','0','kpiscopielloy@hugedomains.com','0',NULL,NULL,'2022-10-08 23:57:11',0,0),(143,'ipainswickz','Inness Painswick','2789e2a5d2b5a1ccfa388e007445a4c4','0','ipainswickz@instagram.com','1',NULL,NULL,'2022-10-08 23:57:11',0,0),(144,'acrankhorn10','Axel Crankhorn','32714fc3fe69407d8809d5ad5595bba5','0','acrankhorn10@deviantart.com','1',NULL,NULL,'2022-10-08 23:57:11',0,0),(145,'vweatherell11','Velma Weatherell','355daa0435fb7749ccf452e7cfb9f9cb','0','vweatherell11@addtoany.com','0',NULL,NULL,'2022-10-08 23:57:11',0,0),(146,'zrispin12','Zebulon Rispin','eb6fe992f0a69dc1fa4e32be2ebb93ab','0','zrispin12@clickbank.net','1',NULL,NULL,'2022-10-08 23:57:11',0,0),(147,'dmcgrail13','Derrik McGrail','6727689f34bd0b38eccfbda0f75bd1bd','0','dmcgrail13@twitter.com','1',NULL,NULL,'2022-10-08 23:57:11',0,0),(148,'sandrus14','Shannon Andrus','1d2df6b651cb79d9f51a933f41f1ba01','0','sandrus14@engadget.com','1',NULL,NULL,'2022-10-08 23:57:11',0,0),(149,'sfeaver15','Sigismundo Feaver','fd7d4cd75895f32aa7fb24033220dc7a','0','sfeaver15@ibm.com','1',NULL,NULL,'2022-10-08 23:57:11',0,0),(150,'agreggs16','Austina Greggs','b73974844997a05ba7630144c2fa7a6f','0','agreggs16@dailymail.co.uk','0',NULL,NULL,'2022-10-08 23:57:11',0,0),(151,'sniblo17','Sander Niblo','dbda372c866d2384aeee89f61517595b','0','sniblo17@seattletimes.com','1',NULL,NULL,'2022-10-08 23:57:11',0,0),(152,'czemler18','Chelsea Zemler','6b1ceec5959e12419325f5e1dd30e958','0','czemler18@sciencedirect.com','0',NULL,NULL,'2022-10-08 23:57:11',0,0),(153,'agoulding19','Anthe Goulding','2d7253514be806ef5f662e8a761fc374','0','agoulding19@cpanel.net','0',NULL,NULL,'2022-10-08 23:57:11',0,0),(154,'mawde1a','Margaux Awde','f6c9f67f3cd2aeffb38a7384b2a1ca37','0','mawde1a@360.cn','0',NULL,NULL,'2022-10-08 23:57:11',0,0),(155,'mmurtagh1b','Melisse Murtagh','5f4297f3c46db8d8e1c9a6534b9f93c5','0','mmurtagh1b@ihg.com','0',NULL,NULL,'2022-10-08 23:57:11',0,0),(156,'cbortoloni1c','Charmane Bortoloni','c778d3162d1bd6625e5295801d48079e','0','cbortoloni1c@kickstarter.com','0',NULL,NULL,'2022-10-08 23:57:11',0,0),(157,'kcarver1d','Karin Carver','bab3f39146075eb9c83539da9b2b68b8','0','kcarver1d@networkadvertising.org','0',NULL,NULL,'2022-10-08 23:57:11',0,0),(158,'mcharteris1e','Melisent Charteris','e1cffb7d35e4b438fb5afee7f2d28d23','0','mcharteris1e@chronoengine.com','0',NULL,NULL,'2022-10-08 23:57:11',0,0),(159,'mbarenskie1f','Mickie Barenskie','fe6143e24fe622dbdeb5e1e01fa593f9','0','mbarenskie1f@mozilla.org','0',NULL,NULL,'2022-10-08 23:57:11',0,0),(160,'wlowrance1g','Wald Lowrance','7f103fdd95fd0858c55c8b9ac25c6442','0','wlowrance1g@newyorker.com','1',NULL,NULL,'2022-10-08 23:57:11',0,0),(161,'cneeson1h','Conrade Neeson','e3e0f5fd6f585dc5934c9142b4f50bf9','0','cneeson1h@ftc.gov','1',NULL,NULL,'2022-10-08 23:57:11',0,0),(162,'cborleace1i','Chelsae Borleace','3dc3b7842225d6faa52005decb763e0a','0','cborleace1i@tamu.edu','0',NULL,NULL,'2022-10-08 23:57:11',0,0),(163,'msimmens1j','Marley Simmens','9353ebb8fd54bd6c10c432faf72110e7','0','msimmens1j@shareasale.com','0',NULL,NULL,'2022-10-08 23:57:11',0,0),(164,'dsteinson1k','Doug Steinson','8fbeab7c42619931da465fef086acc3d','0','dsteinson1k@studiopress.com','1',NULL,NULL,'2022-10-08 23:57:11',0,0),(165,'kmartynikhin1l','Kip Martynikhin','aca77cf8236249d75d7d53e06d6d4baf','0','kmartynikhin1l@businesswire.com','0',NULL,NULL,'2022-10-08 23:57:11',0,0),(166,'flivzey1m','Far Livzey','99ba8011c81f71831c5612857390281e','0','flivzey1m@pen.io','1',NULL,NULL,'2022-10-08 23:57:11',0,0),(167,'sbodle1n','Steffane Bodle','126aa547ca28cb98bd7a742c64d369b5','0','sbodle1n@t.co','0',NULL,NULL,'2022-10-08 23:57:11',0,0),(168,'rrehor1o','Rourke Rehor','1ec02a445fcef0d680eff77f4a12f8fc','0','rrehor1o@nih.gov','1',NULL,NULL,'2022-10-08 23:57:11',0,0),(169,'ckindall1p','Carrol Kindall','ede3e13008f9746bb32ce365a4810b09','0','ckindall1p@washingtonpost.com','1',NULL,NULL,'2022-10-08 23:57:11',0,0),(170,'tmatyushkin1q','Tristan Matyushkin','3d7de814932e232c79a3d6ca32c22e2a','0','tmatyushkin1q@sourceforge.net','1',NULL,NULL,'2022-10-08 23:57:11',0,0),(171,'founsworth1r','Fawn Ounsworth','970bb2b96b291fa1c756d13d3d9d0ee9','0','founsworth1r@tinyurl.com','0',NULL,NULL,'2022-10-08 23:57:11',0,0),(172,'kgarlett1s','Kattie Garlett','55273ea7f27b50f1c29aeced7630dc71','0','kgarlett1s@bbc.co.uk','0',NULL,NULL,'2022-10-08 23:57:11',0,0),(173,'hbrettel1t','Holly Brettel','50e94891ca4268ea5450ce7edc84812f','0','hbrettel1t@guardian.co.uk','0',NULL,NULL,'2022-10-08 23:57:11',0,0),(174,'etschersich1u','Electra Tschersich','57292f74d911dab0bf71f35aa0848c30','0','etschersich1u@soup.io','0',NULL,NULL,'2022-10-08 23:57:11',0,0),(175,'leisenberg1v','Linus Eisenberg','15c95264ad3283f39bec31894ef1e31b','0','leisenberg1v@addthis.com','1',NULL,NULL,'2022-10-08 23:57:11',0,0),(176,'pjudkins1w','Paula Judkins','a1af985b12577720df15bc80d37262af','0','pjudkins1w@alibaba.com','0',NULL,NULL,'2022-10-08 23:57:11',0,0),(177,'ahulls1x','Arther Hulls','694cad214816b08f6519e011355e96c1','0','ahulls1x@php.net','1',NULL,NULL,'2022-10-08 23:57:11',0,0),(178,'aends1y','Atlanta Ends','b19615661c6a3d4c2b4592458ee60057','0','aends1y@bloomberg.com','0',NULL,NULL,'2022-10-08 23:57:11',0,0),(179,'rjoost1z','Raymond Joost','1c3bc271a8853e27e1340fa76ca57473','0','rjoost1z@columbia.edu','1',NULL,NULL,'2022-10-08 23:57:11',0,0),(180,'lwolverson20','Lamar Wolverson','4cfc8cb5cec69e94611882fcaef70073','0','lwolverson20@yellowbook.com','1',NULL,NULL,'2022-10-08 23:57:11',0,0),(181,'aparrish21','Addia Parrish','6feee8ea06a9c4295b7abf2796ced81b','0','aparrish21@webs.com','0',NULL,NULL,'2022-10-08 23:57:11',0,0),(182,'bgerardin22','Bibbie Gerardin','6818b5e9ba582efeb0336cd92b9e9cac','0','bgerardin22@posterous.com','0',NULL,NULL,'2022-10-08 23:57:11',0,0),(183,'rpomfrey23','Robinia Pomfrey','17239c3547e129ddaade81687f44c1f4','0','rpomfrey23@livejournal.com','0',NULL,NULL,'2022-10-08 23:57:11',0,0),(184,'bodeoran24','Bradly O\'Deoran','0dc88e6d99c8daf5a99e9ce6c2bc597c','0','bodeoran24@ehow.com','1',NULL,NULL,'2022-10-08 23:57:11',0,0),(185,'bcasserley25','Blanche Casserley','6c66352f4d701d7682cb742c974d86a8','0','bcasserley25@nytimes.com','0',NULL,NULL,'2022-10-08 23:57:11',0,0),(186,'edalgarno26','Earl Dalgarno','7c20a1c76109e0d20e5f8f6cacedcad1','0','edalgarno26@163.com','1',NULL,NULL,'2022-10-08 23:57:11',0,0),(187,'dwitt27','De witt Le Huquet','bd91999479ccaac1f4eccfe0a915af6f','0','dwitt27@wiley.com','1',NULL,NULL,'2022-10-08 23:57:11',0,0),(188,'lmergue28','Layne Mergue','9b278bb247b10aab8f1c4bfb4a4694a0','0','lmergue28@deviantart.com','0',NULL,NULL,'2022-10-08 23:57:11',0,0),(189,'kdrugan29','Klemens Drugan','4e03999972b2e93f65f98b74ee1db778','0','kdrugan29@businessweek.com','1',NULL,NULL,'2022-10-08 23:57:11',0,0),(190,'msaiz2a','Mitzi Saiz','681c26df9da02208f97529a69c49371b','0','msaiz2a@japanpost.jp','0',NULL,NULL,'2022-10-08 23:57:11',0,0),(191,'byuryev2b','Bevon Yuryev','72d067b0bd5b49ef366ea5ef7634cece','0','byuryev2b@printfriendly.com','1',NULL,NULL,'2022-10-08 23:57:11',0,0),(192,'rtreasaden2c','Renee Treasaden','a4457576c7108c28044adca92d69b10f','0','rtreasaden2c@chicagotribune.com','0',NULL,NULL,'2022-10-08 23:57:11',0,0),(193,'gtitchen2d','Gawen Titchen','0eed33de170b9baa0cadedc591b7c9fd','0','gtitchen2d@craigslist.org','1',NULL,NULL,'2022-10-08 23:57:11',0,0),(194,'oalesi2e','Oby Alesi','7ed37b0ff2113454250dc380a081411f','0','oalesi2e@bing.com','1',NULL,NULL,'2022-10-08 23:57:11',0,0),(195,'cbowcock2f','Caye Bowcock','f364a58277b61815fd81879ec79a6e06','0','cbowcock2f@ask.com','0',NULL,NULL,'2022-10-08 23:57:11',0,0),(196,'avidgen2g','Ashley Vidgen','f1a43ebe7d2e33cfb757e398e2ca66d9','0','avidgen2g@jalbum.net','0',NULL,NULL,'2022-10-08 23:57:11',0,0),(197,'jdyton2h','Jecho Dyton','89ce2e5cdc504bea1155b5c7f45f5de3','0','jdyton2h@wikispaces.com','1',NULL,NULL,'2022-10-08 23:57:11',0,0),(198,'awatton2i','Alicia Watton','23f3a4f223ccde1c0b399761c10afa6c','0','awatton2i@discovery.com','0',NULL,NULL,'2022-10-08 23:57:11',0,0),(199,'adodridge2j','Andreas Dodridge','739c379d2b5b606d78cfcd613603efa5','0','adodridge2j@artisteer.com','1',NULL,NULL,'2022-10-08 23:57:11',0,0),(200,'cionnisian2k','Constantino Ionnisian','a64afebd248163f34a051510b3a7ce5c','0','cionnisian2k@e-recht24.de','1',NULL,NULL,'2022-10-08 23:57:11',0,0),(201,'acheney2l','Angele Cheney','0480901aaae246ee8d4e4b1c9c8bcd58','0','acheney2l@europa.eu','0',NULL,NULL,'2022-10-08 23:57:11',0,0),(202,'wmenat2m','Wylma Menat','59b89bc614d4ed864fba7cd9bc56a722','0','wmenat2m@independent.co.uk','0',NULL,NULL,'2022-10-08 23:57:11',0,0),(203,'aurion2n','Annabal Urion','e3f6b6176f08c53b4ac1342746a77dc4','0','aurion2n@51.la','0',NULL,NULL,'2022-10-08 23:57:11',0,0),(204,'bsteuart2o','Bunny Steuart','541d7eeed736a5e5500e24900898ed95','0','bsteuart2o@amazon.de','0',NULL,NULL,'2022-10-08 23:57:11',0,0),(205,'jbeamand2p','Jennica Beamand','f3ce72c5bbd60e30b6e1050e49cee6d6','0','jbeamand2p@businessinsider.com','0',NULL,NULL,'2022-10-08 23:57:11',0,0),(206,'adyers2q','Albert Dyers','a081f6be2d276cf795b9d792c85ef6e9','0','adyers2q@si.edu','1',NULL,NULL,'2022-10-08 23:57:11',0,0),(207,'rwloch2r','Rosie Wloch','eff8eb78c87c49791efd4f8162e91980','0','rwloch2r@cyberchimps.com','0',NULL,NULL,'2022-10-08 23:57:11',0,0);
/*!40000 ALTER TABLE `user` ENABLE KEYS */;
UNLOCK TABLES;
/*!40103 SET TIME_ZONE=@OLD_TIME_ZONE */;

/*!40101 SET SQL_MODE=@OLD_SQL_MODE */;
/*!40014 SET FOREIGN_KEY_CHECKS=@OLD_FOREIGN_KEY_CHECKS */;
/*!40014 SET UNIQUE_CHECKS=@OLD_UNIQUE_CHECKS */;
/*!40101 SET CHARACTER_SET_CLIENT=@OLD_CHARACTER_SET_CLIENT */;
/*!40101 SET CHARACTER_SET_RESULTS=@OLD_CHARACTER_SET_RESULTS */;
/*!40101 SET COLLATION_CONNECTION=@OLD_COLLATION_CONNECTION */;
/*!40111 SET SQL_NOTES=@OLD_SQL_NOTES */;

-- Dump completed on 2022-11-21 13:17:22
-- MySQL dump 10.13  Distrib 8.0.20, for macos10.15 (x86_64)
--
-- Host: 127.0.0.1    Database: ebook
-- ------------------------------------------------------
-- Server version	8.0.23

/*!40101 SET @OLD_CHARACTER_SET_CLIENT=@@CHARACTER_SET_CLIENT */;
/*!40101 SET @OLD_CHARACTER_SET_RESULTS=@@CHARACTER_SET_RESULTS */;
/*!40101 SET @OLD_COLLATION_CONNECTION=@@COLLATION_CONNECTION */;
/*!50503 SET NAMES utf8 */;
/*!40103 SET @OLD_TIME_ZONE=@@TIME_ZONE */;
/*!40103 SET TIME_ZONE='+00:00' */;
/*!40014 SET @OLD_UNIQUE_CHECKS=@@UNIQUE_CHECKS, UNIQUE_CHECKS=0 */;
/*!40014 SET @OLD_FOREIGN_KEY_CHECKS=@@FOREIGN_KEY_CHECKS, FOREIGN_KEY_CHECKS=0 */;
/*!40101 SET @OLD_SQL_MODE=@@SQL_MODE, SQL_MODE='NO_AUTO_VALUE_ON_ZERO' */;
/*!40111 SET @OLD_SQL_NOTES=@@SQL_NOTES, SQL_NOTES=0 */;

--
-- Table structure for table `user_tag`
--

DROP TABLE IF EXISTS `user_tag`;
/*!40101 SET @saved_cs_client     = @@character_set_client */;
/*!50503 SET character_set_client = utf8mb4 */;
CREATE TABLE `user_tag` (
  `id` bigint NOT NULL,
  `user_id` bigint DEFAULT NULL,
  `tag_id` bigint DEFAULT NULL,
  PRIMARY KEY (`id`)
) ENGINE=InnoDB DEFAULT CHARSET=utf8;
/*!40101 SET character_set_client = @saved_cs_client */;

--
-- Dumping data for table `user_tag`
--

LOCK TABLES `user_tag` WRITE;
/*!40000 ALTER TABLE `user_tag` DISABLE KEYS */;
/*!40000 ALTER TABLE `user_tag` ENABLE KEYS */;
UNLOCK TABLES;
/*!40103 SET TIME_ZONE=@OLD_TIME_ZONE */;

/*!40101 SET SQL_MODE=@OLD_SQL_MODE */;
/*!40014 SET FOREIGN_KEY_CHECKS=@OLD_FOREIGN_KEY_CHECKS */;
/*!40014 SET UNIQUE_CHECKS=@OLD_UNIQUE_CHECKS */;
/*!40101 SET CHARACTER_SET_CLIENT=@OLD_CHARACTER_SET_CLIENT */;
/*!40101 SET CHARACTER_SET_RESULTS=@OLD_CHARACTER_SET_RESULTS */;
/*!40101 SET COLLATION_CONNECTION=@OLD_COLLATION_CONNECTION */;
/*!40111 SET SQL_NOTES=@OLD_SQL_NOTES */;

-- Dump completed on 2022-11-21 13:17:22
